A._hypogaea_l._(AhFatA),MAVGFGYPMNRVLSVRAIVSDRDGAVVNRVGAEAGTLADRLRLGSLTEDGLSYKEKFIVRSYEVGINKTATVETIANLLQEVGCNHAQSVGYSTDGFATTPTMRKLGLIWVTARMHIEVYKYPAWSDVVEIETWCQGEGRVGIRRDFILKDYATDQVIGRATSKWLMMNQETRRLQKVSDDVREEVLIYCPREPRLAIPEEDSNCLKKIPKLEDPGQYSRLRLMPRRADLDMNQHVNNVTYIGWVLESMPQEIIDSHELHSITLDYRRECQRDDIVDSLTSIEGDGVLLEVNGTNGSSVAWEHGHAYQQFLHLLKLSTDEGLEINRGRTAWRKKASRL,1
Arabidopsis_thaliana,MLPDWSMLLAAITTIFLAAEKQWMMLDWKPRRSDMLVDPFGIGRIVQDGLVFRQNFSIRSYEIGADRSASIETVMNHLQETALNHVKTAGLLGDGFGSTPEMFKKNLIWVVTRMQVVVDKYPTWGDVVEVDTWVSQSGKNGMRRDWLVRDCNTGETLTRASSVWVMMNKLTRRLSKIPEEVRGEIEPYFVNSDPVLAEDSRKLTKIDDKTADYVRSGLTPRWSDLDVNQHVNNVKYIGWILESAPVGIMERQKLKSMTLEYRRECGRDSVLQSLTAVTGCDIGNLATAGDVECQHLLRLQDGAEVVRGRTEWSSKTPTTTWGTAP,1
Auxenochlorella_protothecoides,MVENKRVFLEEHRIRGNEAGPSQHVTIAAVANILQEAAGNHAVAMWGRSSQGFATDPELVERGLIFVMTRMQIQMHRYPRWGDLVQVETWFQAAGKLGAQREWLLRDKLTGEVLGAATSTWVMINMRTRRPCRMPELVRWKSACFAREPPRLALPSDVTRAKLPAVADPAPLRGNRQVARRADMDMNGHVNNVAYLAWTLEAVPEEVWAGSHLYQVEIDFKAECHAGDVVCSLAQEVPPQEALTHNGAGREPACYVHSLLRGETELVRARTTWRVSDATRGGVAAHGSAAAASNGSAAAASNGSAPHANGNGAH,1
Brassica_juncea_(BjFatB1),MLPDWSMLLAAITTVFLAAEKQWMMLDWKPRRSDVIMYPFGLGRIVQDGLVFRQNFSIRSYEIGADRSASIETVMNHLQETALNHVKTAGLLGDGFGSTPEMVKKNLIWVVTRMQVVVDKYPTWGDVVEVDTWVSKSGKNGMRRDWLVRDGNTGQILTRASSVWVMMNKLTRRLSKIPEEVRGEIEPYFVDSDPVLAEDSRMLTKLDDKTADYVRSGLTPRWSDLDVNQHVNNVKYIGWILESAPVGMMESQKLKSMTLEYRRECGRDSVLQSLTAVSGCDIGNLGTAGEVECQHLLRLQDGAEVVRGRTEWSSKTPTTTWDITP,1
Brassica_juncea_(BjFatB2),MLPDWSMLLAAITTVFLAAEKQWMMLDWKPRRSDMIMDPFGLGRIVQDGLVFRQNFSIRSYEIGADRSASIETVMNHLQETALNHVKTAGLLGDGFGSTPEMVRKNLIWVVTRMQVVVDKYPTWGDVVEVDTWVSQSGKNGMRRDWLVRDGNTGEILTRASSVWVMMNKLTRRLSKIPEEVRGEIEPYFVDSDPVLAEDSRKLTKLDDKTADYVRSGLTPRWNDLDVNQHVNNVKYIGWILESAPVGMMESQKLKSMTLEYRRECGRDSVLQSLTAVSGCDIGNLGTAGEVECQHLLRLQDGAEVVRGRTEWSSKTPTTTWDITS,1
Brassica_juncea_(BjFatB3),MLPDWSMLLAAITTVFLAAEKQWMMLNWKPRRSDMIMDPFGLGRIVQDGLVFRQNFSIRSYEIGADRSASIETVMNHLQETALNHVKTAGLLRDGFGSTPEMVKKNLIWVVTRMQVVVDTYPTWGDVVEVDTWVSKSGKNGMRRDWLVRDGNTGQILTRASSVWVMMNKLTRRLSKIPEEVRGEIEPYFVDSDPVLAEDSRKLTKLDDKTADYVRSGLTPRWSDLDVNQHVNNVNYIGWILESAPVGMMESQKLKSMTLEYRRECGRDSVLQSLTAVSGCDIGNLGTAGEVECQHLLRLQDGAEVVRGRTEWSSKTPTTTWDITS,1
Brassica_juncea_(BjFatB4),MLPDWSMLLAAITTVFLAAEKQWMMLDWKPRRSDMIMDPFGLGRIVQDGLVFRQNFSIRSYEIGADRSASIETVMNHLQETALNHVKTAGLLGDGFGSTPEMVKTNLIWVVTRMQVVVDKYPTWGDVVEVDTWVSKSGKNGMRRDWLVRDGNTGQILTRASSVWVMMNKLMRRLSKIPEEVRGEIEPYFVDSDPVLAEDSRKLTKLDDKTADYVRSGLTPRWSDLDVNQHVNNVKYIGWILESAPVGMMESQKLKSMTLEYRRECGRDSVLQSLTAVSGCDIGNLGTAGEVECQHLLRLQDGAEVVRGRTEWSSKTPTTTWDITP,1
Cinnamomum_camphorum,MLEWKPKPNPPQLLDDHFGPHGLVFRRTFAIRSYEVGPDRSTSIVAVMNHLQEAALNHAKSVGILGDGFGTTLEMSKRDLIWVVKRTHVAVERYPAWGDTVEVECWVGASGNNGRRHDFLVRDCKTGEILTRCTSLSVMMNTRTRRLSKIPEEVRGEIGPAFIDNVAVKDEEIKKPQKLNDSTADYIQGGLTPRWNDLDINQHVNNIKYVDWILETVPDSIFESHHISSFTIEYRRECTMDSVLQSLTTVSGGSSEAGLVCEHLLQLEGGSEVLRAKTEWRPKLTDSFRGISVIPAESSV,2
Cocos_nucifera_(CnFatB1),MLPDWSVLLAAVTTIFLAAEKQWTLLDWKPRRPDMLTDAFSLGKIVQDGLIFRQNFSIRSYEIGADRTASIETLMNHLQETALNHVRNAGLLGDGFGATPEMSKRNLIWVVTKMQVLVEHYPSWGDVVEVDTWVGASGKNGMRRDWHVRDYRTGQTILRATSVWVMMNKHTRKLSKMPEEVRAEIGPYFVEHAAIVDEDSRKLPKLDDDTADYIKWGLTPRWSDLDVNQHVNNVKYIGWILESAPISILENHELASMTLEYRRECGRDSVLQSLTAISNDCTGGLPEASIECQHLLQLECGAEIVRGRTQWRPRRASGPTSAGSA,2
Cocos_nucifera_(CnFatB2),MLPDWSVLLAAVTTIFLAAEKQWTLLDWKPRRPDMLADAFGLGKIVQDGLVFKQNFSIRSYEIGADRTASIETLMNHLQETALNHVKSAGLMGDGFGATPEMSKRNLIWVVTKMRVLIERYPSWGDVVEVDTWVGPTGKNGMRRDWHVRDHRSGQTILRATSVWVMMNKNTRKLSKVPEEVRAEIGPYFVERAAIVDEDSRKLPKLDEDTTDYIKKGLTPRWGDLDVNQHVNNVKYIGWILESAPISILENHELASMSLEYRRECGRDSVLQSLTAVSNDLTDGLVESGIECQHLLQLECGTELVKGRTEWRPKHSPALGNMGPTPGGSA,1
Cocos_nucifera_(CnFatB3),MLPDWSMLLAAIRTIFSAAEKQWTLLDSKKRGADAVADASGVGKMVKNGLVYRQNFSIRSYEIGVDKRASVEALMNHFQETSLNHCKCIGLMHGGFGCTPEMTRRNLIWVVAKMLVHVERYPWWGDVVQINTWISSSGKNGMGRDWHVHDCQTGLPIMRGTSVWVMMDKHTRRLSKLPEEVRAEITPFFSERDAVLDDNGRKLPKFDDDSAAHVRRGLTPRWHDFDVNQHVNNVKYVGWILESVPVWMLDGYEVATMSLEYRRECRMDSVVQSLTAVSSDHADGSPIVCQHLLRLEDGTEIVRGQTEWRPKQQARDLGNMGLHPTESK,2
Cuphea_aequipetala_(Ca1FatB1),MLPVWSMLLSAVTTVFGVAEKQWPMLDRKSKRPDMLMEPLGVDRIVYDGVSFRQSFSIRSYEIGADRTASIETLMNMFQETSLNHCKIIGLLNDGFGRTPEMCKRDLIWVVTKMQIEVNRYPTWGDTIEVNTWVSASGKHGMGRDWLISDCHTGEILIRATSVWAMMNQKTRRLSKIPYEVRQEIEPQFVDSAPVIEDDRKLHKLDLKTGISICNGLTPRWTDLDVNQHVNNVKYIGWILQSVPTEVFEKQELCGLTLEYRRECGRDSVLESVTAMDPSKEGDRSLYQHLLRLEDGADIVKGRTEWRPKNAGANGAISTGKTSNGNSIS,1
Cuphea_aequipetala_(Ca1FatB2),MLPDWSMLLTAITTVFVAPEKRWTMFDRKSKRPNMLMDSFGLERVVQDGLVFRQSFSIRSYEICADRTASLETVMNHVQETSLNQCKSIGLLDDGFGRSPEMCKRDLIWVVTRMKIMVNRYPTWGDTIEVSTWLSQSGKIGMGRDWLISDCSTGEILVRATSVYAMMNQKTRRFSKLPHEVRQEFAPHFLDSPPAIEDNDGKLQKFDVKTGDSIRKGLTPGWYDLDVNQHVSNVKYIGWILESMPTEVLETQELCSLTLEYRRECGRDSVLESVTSMDPSKVGDRFQYRHLLRLEDGADIMKGRTEWRPKNAGTNGVISTGKT,3
Cuphea_avigera_(Ca2FatB2),MLPDWSRLLTAITTVFVKSKRPDMHDRKSKRPDMLMDSFGLESIVQEGLEFRQSFSIRSYEIGTDRTASIETLMNYLQETSLNHCKSTGILLDGFGRTPEMCKRDLIWVVTKMKIKVNRYPAWGDTVEINTWFSRLGKIGKGRDWLISDCNTGEILIRATSAYATMNQKTRRLSKLPYEVHQEIAPLFVDSPPVIEDNDLKLHKFEVKTGDSIHKGLTPGWNDLDVNQHVSNVKYIGWILESMPTEVLETQELCSLALEYRRECGRDSVLESVTAMDPTKVGGRSQYQHLLRLEDGTDIVKCRTEWRPKNPGANGAISTGKTSNGNSVS,3
Cuphea_carthagenesis_(CcFatB),MLPDWSMLLTAITTVFVAAEKQWTMLDRKSKRSDMLVDSFGMERIVQDGLVFRQSFSIRSYEIGADRRASIETLMNHLQETSLNHCKSIRLLNEGFGRTPEMCKRDLIWVVTRMHIMVNRYPTWGDTVEINTWVSQSGKNGMGRDWLISDCNTGEILIRATSAWAMMNQKTRRLSKLPYEVSQEIAPHFVDSPPVIEDGDRKLHKFDVKTGDSIRKGLTPRWNDLDVNQHVNNVKYIGWILESMPTEVLETHELCFLTLEYRRECGRDSVLESVTAMDPSNEGGRSHYQHLLRLEDGTDIVKGRTEWRPKNARNIGAISTGKTSNGNPAS,2
Cuphea_decandra_(Cd1FatB1),MLPDWSMLLAAITTVFLAAEKQWMMLDWKPKRPDMLVDPFGLGRIVQDGLVFRQNFSIRSYEIGADRTASIETLMNHLQETALNHVKSAGLLNDGFGRTPEMYKRDLIWVVAKMQVMVNRYPTWGDTVEVNTWVAKSGKNGMRRDWLISDCNTGEILTRASSVWVMMNQKTRRLSKIPDEVRHEIEPHFVDSPPVIEDDDRKLPKLDEKTADSIRKGLTPRWNDLDVNQHVNNVKYIGWILESTPQEVLETQELCSLTLEYRRECGRDSVLESLTAVDHSGKGSGSNFQHLLRLEDGGEIVKGRTEWRPKNAVINGAVAPGETSPGNSVS,1
Cuphea_hookeriana(short)_(ChFatB2),MLPDWSRLLTAITTVFVKSKRPDMHDRKSKRPDMLVDSFGLESTVQDGLVFRQSFSIRSYEIGTDRTASIETLMNHLQETSLNHCKSTGILLDGFGRTLEMCKRDLIWVVIKMQIKVNRYPAWGDTVEINTRFSRLGKIGMGRDWLISDCNTGEILVRATSAYAMMNQKTRRLSKLPYEVHQEIVPLFVDSPVIEDSDLKVHKFKVKTGDSIQKGLTPGWNDLDVNQHVSNVKYIGWILESMPTEVLETQELCSLALEYRRECGRDSVLESVTAMDPSKVGVRSQYQHLLRLEDGTAIVNGATEWRPKNAGANGAISTGKTSNGNSVS,3
Cuphea_hookeriana_(ChFatB1),MLPDWSMLLAAITTVFLAAEKQWMMLDWKPKRPDMLVDPFGLGSIVQDGLVFRQNFSIRSYEIGADRTASIETVMNHLQETALNHVKIAGLSNDGFGRTPEMYKRDLIWVVAKMQVMVNRYPTWGDTVEVNTWVAKSGKNGMRRDWLISDCNTGEILTRASSVWVMMNQKTRRLSKIPDEVRNEIEPHFVDSPPVIEDDDRKLPKLDEKTADSIRKGLTPRWNDLDVNQHVNNVKYIGWILESTPPEVLETQELCSLTLEYRRECGRESVLESLTAMDPSGGGYGSQFQHLLRLEDGGEIVKGRTEWRPKNGVINGVVPTGESSPGDYS,1
Cuphea_leptopoda_(Cl1FatB1),MLPDWSMLLSAFTNVFVAAEKQWTMLDRKYKRPDMLVESSGVDRTDLDGVLFRQSFSIRSYEIGADRTASIETLMNIFQETSLNHCKSNGLLNDGFGRTPEMCKRDLIWVVTKMQIEVNRYPTWGDNIEVTTWVSESGKNGMGRHWLISDCHTGEILIRATRRVAMMNQKTRRLSKLPYEVRQEIAPHFVDSAHVIEDDRKLHKLEVKTGDSIRNGLTPRWNDLDVNQHVNNVKYIGWILKSVPTEVFVTQELCGLTLEYRRECRRDSVLESVTAMDPSKEGDRSLYQHLLRLENGADIALGRTEWRPKNAGANGAISTGKTSNGNS,1
Cuphea_leptopoda_(Cl2FatB2),MLPDWSVLLTAITTVFVAAEKQWTMLDRKSKRPDVLVDSVGLKSIVRDGLVSRQSFSIRSYEIGADRTASIETLMNHLQETSINHCKSLGLLNDGFGRTPGMCKNDLIWVLTKMQIMVNRYPAWGDTVEINTWFSQSGKIGMGSDWLISDCNTGEILIRATSVWAMMNQKTRRFSRLPYEVRQELTPHFVDSPHVIEDNDRKLHKFDVKTGDSIRKGLTPRWNDLDVNQHVSNVKYIGWILESMPIEVLETQELCSLTVEYRRECGMDSVLESVTAMDPSEDGGRSQYNHLLRLEDGTDVVKGRTEWRPKNAGTNGAISTTKTSPGNSVS,3
Cuphea_leptopoda_(Cl3FatB1),MLPDWSMLLAAITTVFLAAEKQWMMLDWKPKRPDMLVDPFGLGSIVQNGLVFRQNFSIRSYEIGADRTASIETVMNHLQETALNHVKSAGLLNDGFGRTPEMYKRDLIWVVAKMQVMVNRYPTWGDTVEVNTWVAKSGKNGMRRDWLISDCNTGEILTRASSVWVMMNQKTRRLSKIPDEVRHEIEPHFVDSAPVIEDDDRKLPKLDENTADSIRKGLTPKWNDLDVNQHVNNVKYIGWILESTPQEVLETQELCSLTLEYRRECGRESVLESLTAVDPSEKGFGSQFQHLLRLEDGGEIVKGRTEWRPKTAGINGAIASRETSPGDF,1
Cuphea_leptopoda_(Cl4FatB1),MLPDWSMLLTAITTVFVAAEKQWTMLDRKSKRPDMLVDSVGLKNIVRDGLVSRQSFSIRSYEIGADRTASIETLMNHLQETSINHCKSLGLLNDGFGRTPGMCKNDLIWVLTKMQILVNRYPAWGDTVEINTWFSQSGKIGMGSDWLISDCNTGEILIRATSVWAMMNQKTRRFSRLPYEVRQELTPHFVDSPHVIEDNDRKLHKFDVKTGDSIRKGLTPRWNDLDVNQHVSNVKYIGWILESMPIEVLETQELCSLTVEYRRECGMDSVLESVTARDPSEDGGRSQYNHLLRLEDGTDVVKGRTEWRSKNAGTNGATSTAKTSNGNSVS,3
Cuphea_palustris(long)_(CpFatB2),MLLSAVTTVFGVAEKQWPMLDRKSKRPDMLVEPLGVDRIVYDGVSFRQSFSIRSYEIGADRTASIETLMNMFQETSLNHCKIIGLLNDGFGRTPEMCKRDLIWVVTKMQIEVNRYPTWGDTIEVNTWVSASGKHGMGRDWLISDCHTGEILIRATSVWAMMNQKTRRLSKIPYEVRQEIEPQFVDSAPVIVDDRKFHKLDLKTGDSICNGLTPRWTDLDVNQHVNNVKYIGWILQSVPTEVFETQELCGLTLEYRRECGRDSVLESVTAMDPSKEGDRSLYQHLLRLEDGADIVKGRTEWRPKNAGAKGAILTGKTSNGNSIS,1
Cuphea_palustris_(CpFatB1),MLLTAITTVFVAPEKRWTMFDRKSKRPNMLMDSFGLERVVQDGLVFRQSFSIRSYEICADRTASIETVMNHVQETSLNQCKSIGLLDDGFGRSPEMCKRDLIWVVTRMKIMVNRYPTWGDTIEVSTWLSQSGKIGMGRDWLISDCNTGEILVRATSVYAMMNQKTRRFSKLPHEVRQEFAPHFLDSPPAIEDNDGKLQKFDVKTGDSIRKGLTPGWYDLDVNQHVSNVKYIGWILESMPTEVLETQELCSLTLEYRRECGRDSVLESVTSMDPSKVGDRFQYRHLLRLEDGADIMKGRTEWRPKNAGTNGAISTGKT,3
Cuphea_paucipetala_(Cp1FatB1),MLPDWSMLLSAITTVFVAAEKQWTMLDRKSKRPDMLVEPFVQDGVSFRQSFSIRSYEIGADRTASIETLMNIFQETSLNHCKSLGLLNDGFGRTPEMCKRDLIWVVTKMQIEVNRYPTWGDTIEVTTWVSESGKNGMSRDWLISDCHTGEILIRATSVWAMMNQKTRRLSKIPDEVRQEIVPYFVDSAPVIEDDRKLHKLDVKTGDSIRNGLTPRWNDLDVNQHVNNVKYIGWILKSVPTEVFVTQELCGLTLEYRRECRRDSVLESVTAMDPSKEGDRSLYQHLLRLENGADIALGRTEWRPKNAGTNGAISTTKTSPGNSVS,1
Cuphea_viscosissima_(CvFatB1),MLPDWSMLLTAITTVFVAAEKQWTMLDRKSKRPDMLVDSVGLKSIVRDGLVSRHSFSIRSYEIGADRTASIETLMNHLQETTINHCKSLGLHNDGFGRTPGMCKNDLIWVLTKMQIMVNRYPTWGDTVEINTWFSQSGKIGMASDWLISDCNTGEILIRATSVWAMMNQKTRRFSRLPYEVRQELTPHFVDSPHVIEDNDQKLRKFDVKTGDSIRKGLTPRWNDLDVNQHVSNVKYIGWILESMPIEVLETQELCSLTVEYRRECGMDSVLESVTAVDPSENGGRSQYKHLLRLEDGTDIVKSRTEWRPKNAGTNGAISTSTAKTSNGNSVS,3
Cuphea_viscosissima_(CvFatB2),MLPDWSMLLAAITTAFLAAEKQWMMLDRKPKRLDMLEDPFGLGRVVQDGLVFRQNFSIRSYEIGADRTASIETVMNHLQETALNHVKTAGLSNDGFGRTPEMYKRDLIWVVAKMQVMVNRYPTWGDTVEVNTWVAKSGKNGMRRDWLISDCNTGEILTRASSVWVMMNQKTRKLSKIPDEVRREIEPHFVDSAPVIEDDDRKLPKLDEKSADSIRKGLTPRWNDLDVNQHVNNAKYIGWILESTPPEVLETQELCSLTLEYRRECGRESVLESLTAVDPSGEGYGSQFQHLLRLEDGGEIVKGRTEWRPKNAGINGVVPSEESSPGDYS,1
Cuphea_viscosissima_(CvFatB3),MLPDWSMLVSAITTVFVAAEKQWTMLDRKSKRPDVLVEPFVQDGVSFRQSFSIRSYEIGVDRTASIETLMNIFQETSLNHCKSLGLLNDGFGRTPEMCKRDLIWVVTKMQIEVNRYPTWGDTIEVTTWVSESGKNGMSRDWLISDCHSGEILIRATSVWAMMNQKTRRLSKIPDEVRQEIVPYFVDSAPVIEDDRKLHKLDVKTGDSIRNGLTPRWNDFDVNQHVNNVKYIAWLLKSVPTEVFETQELCGLTLEYRRECRRDSVLESVTAMDPSKEGDRSLYQHLLRLENGADIALGRTEWRPKNAGATGAVSTGKTSNGNSVS,1
Cuphea_viscosisssima_(CvB2MT1,MLPDWSMLLAAITTAFLAAEKQWMMLDRKPKRLDMLEDPFGLGRVVQDGLVFRQNFSIRSYEIGADRTASIETVMNHLQETALNHVKTAGLSNDGFGRTPEMYKRDLIWVFAKMQVMVNRYPTWGDTVEVNTWVAKSGKNGMRRDWLISDCNTGEILTRASSVWVMMNQKTRKLSKIPDEVRREIEPHFVDSAPVIEDDDRKLPKLDEKSADSIRKGLTPRWNDLDVNQHVNNAKYIGWILESTPPEVLETQELCSLTLEYRRECGRESVLESLTAVDPSGEGYGSQFQHLLRLEDGGEIVKGRTEWRPKNAGIN,3
Cuphea_viscosisssima_(CvB2MT10,MLPDWSMLLAAITTAFLAAEKQWMMLDRKPKRLDMLEDPFGLGRVVQDGLVFRQNFSIRSYEIGADRTASIETVMNHLQETALNHVKTAGLSNDGFGRTPEMYKRDLIWVVAKMQVMVNRYPTWGDTVEVNTWFAKSGKIGMRRDWLISDCNTGEILTRASSVWVMMNQKTRKLSKIPDEVRREIEPHFVDSAPVIEDDDRKLPKLDEKSADSIRKGLTPRWNDLDVNQHVNNAKYIGWILESTPPEVLETQELCSLTLEYRRECGRESVLESLTAVDPSGEGYGSQFQHLLRLEDGGEIVKGRTEWRPKNAGIN,3
Cuphea_viscosisssima_(CvB2MT11,MLPDWSMLLAAITTAFLAAEKQWMMLDRKPKRLDMLEDPFGLGRVVQDGLVFRQNFSIRSYEIGADRTASIETVMNHLQETALNHVKTAGLSNDGFGRTPEMYKRDLIWVVAKMQVMVNRYPTWGDTVEVNTWVAKSGKNGMRRDWLISDCNTGEILTRASSVWVMMNQKTRKLSKIPDEVRREIEPHFVDSAPVIEDNDRKLPKFDEKSADSIRKGLTPRWNDLDVNQHVNNAKYIGWILESTPPEVLETQELCSLTLEYRRECGRESVLESLTAVDPSGEGYGSQFQHLLRLEDGGEIVKGRTEWRPKNAGIN,2
Cuphea_viscosisssima_(CvB2MT12,MLPDWSMLLAAITTAFLAAEKQWMMLDRKPKRLDMLEDPFGLGRVVQDGLVFRQNFSIRSYEIGADRTASIETVMNHLQETALNHVKTAGLSNDGFGRTPEMYKRDLIWVVAKMQVMVNRYPTWGDTVEVNTWFAKSGKNGMRRDWLISDCNTGEILTRASSVWVMMNQKTRKFSKIPDEVRREIEPHFVDSAPVIEDDDRKLPKLDEKSADSIRKGLTPRWNDLDVNQHVNNAKYIGWILESTPPEVLETQELCSLTLEYRRECGRESVLESLTAVDPSGEGYGSQFQHLLRLEDGGEIVKGRTEWRPKNAGIN,3
Cuphea_viscosisssima_(CvB2MT13,MLPDWSMLLAAITTAFLAAEKQWMMLDRKPKRLDMLEDPFGLGRVVQDGLVFRQNFSIRSYEIGADRTASIETVMNHLQETALNHVKTAGLSNDGFGRTPEMYKRDLIWVVAKMQVMVNRYPTWGDTVEVNTWVAKSGKIGMRRDWLISDCNTGEILTRASSVWVMMNQKTRKLSKLPDEVRREIEPHFVDSAPVIEDDDRKLPKLDEKSADSIRKGLTPRWNDLDVNQHVNNAKYIGWILESTPPEVLETQELCSLTLEYRRECGRESVLESLTAVDPSGEGYGSQFQHLLRLEDGGEIVKGRTEWRPKNAGIN,2
Cuphea_viscosisssima_(CvB2MT14,MLPDWSMLLAAITTAFLAAEKQWMMLDRKPKRLDMLEDPFGLGRVVQDGLVFRQNFSIRSYEIGADRTASIETVMNHLQETALNHVKTAGLSNDGFGRTPEMYKRDLIWVVAKMQVMVNRYPTWGDTVEVNTWVAKSGKNGMRRDWLISDCNTGEILTRASSVWVMMNQKTRKLSKIPDEVRREIEPHFVDSPPVIEDNDRKLPKFDEKSADSIRKGLTPRWNDLDVNQHVNNAKYIGWILESTPPEVLETQELCSLTLEYRRECGRESVLESLTAVDPSGEGYGSQFQHLLRLEDGGEIVKGRTEWRPKNAGIN,1
Cuphea_viscosisssima_(CvB2MT15,MLPDWSMLLAAITTAFLAAEKQWMMLDRKPKRLDMLEDPFGLGRVVQDGLVFRQNFSIRSYEIGADRTASIETVMNHLQETALNHVKTAGLSNDGFGRTPEMYKRDLIWVVAKMQVMVNRYPTWGDTVEVNTWFAKSGKIGMRRDWLISDCNTGEILTRASSVWVMMNQKTRKFSKIPDEVRREIEPHFVDSAPVIEDDDRKLPKLDEKSADSIRKGLTPRWNDLDVNQHVNNAKYIGWILESTPPEVLETQELCSLTLEYRRECGRESVLESLTAVDPSGEGYGSQFQHLLRLEDGGEIVKGRTEWRPKNAGIN,3
Cuphea_viscosisssima_(CvB2MT16,MLPDWSMLLAAITTAFLAAEKQWMMLDRKPKRLDMLEDPFGLGRVVQDGLVFRQNFSIRSYEIGADRTASIETVMNHLQETALNHVKTAGLSNDGFGRTPEMYKRDLIWVVAKMQVMVNRYPTWGDTVEVNTWFAKSGKIGMRRDWLISDCNTGEILTRASSVWVMMNQKTRKLSKLPDEVRREIEPHFVDSAPVIEDDDRKLPKLDEKSADSIRKGLTPRWNDLDVNQHVNNAKYIGWILESTPPEVLETQELCSLTLEYRRECGRESVLESLTAVDPSGEGYGSQFQHLLRLEDGGEIVKGRTEWRPKNAGIN,2
Cuphea_viscosisssima_(CvB2MT17),MLPDWSMLLAAITTAFLAAEKQWMMLDRKPKRLDMLEDPFGLGRVVQDGLVFRQNFSIRSYEIGADRTASIETVMNHLQETALNHVKTAGLSNDGFGRTPEMYKRDLIWVVAKMQVMVNRYPTWGDTVEVNTWVAKSGKNGMRRDWLISDCNTGEILTRASSVWVMMNQKTRKLSKIPDEVRREFEPHFVDSPPVIEDNDRKLPKFDEKSADSIRKGLTPRWNDLDVNQHVNNAKYIGWILESTPPEVLETQELCSLTLEYRRECGRESVLESLTAVDPSGEGYGSQFQHLLRLEDGGEIVKGRTEWRPKNAGIN,3
Cuphea_viscosisssima_(CvB2MT18,MLPDWSMLLAAITTAFLAAEKQWMMLDRKPKRLDMLEDPFGLGRVVQDGLVFRQNFSIRSYEIGADRTASIETVMNHLQETALNHVKTAGLSNDGFGRTPEMYKRDLIWVVAKMQVMVNRYPTWGDTVEVNTWFAKSGKIGMRRDWLISDCNTGEILTRASSVWVMMNQKTRKFSKLPDEVRREIEPHFVDSAPVIEDDDRKLPKLDEKSADSIRKGLTPRWNDLDVNQHVNNAKYIGWILESTPPEVLETQELCSLTLEYRRECGRESVLESLTAVDPSGEGYGSQFQHLLRLEDGGEIVKGRTEWRPKNAGIN,3
Cuphea_viscosisssima_(CvB2MT19,MLPDWSMLLAAITTAFLAAEKQWMMLDRKPKRLDMLEDPFGLGRVVQDGLVFRQNFSIRSYEIGADRTASIETVMNHLQETALNHVKTAGLSNDGFGRTPEMYKRDLIWVVAKMQVMVNRYPTWGDTVEVNTWFSQSGKIGMRRDWLISDCNTGEILTRASSVWVMMNQKTRKLSKIPDEVRREIEPHFVDSAPVIEDDDRKLPKLDEKSADSIRKGLTPRWNDLDVNQHVNNAKYIGWILESTPPEVLETQELCSLTLEYRRECGRESVLESLTAVDPSGEGYGSQFQHLLRLEDGGEIVKGRTEWRPKNAGIN,3
Cuphea_viscosisssima_(CvB2MT2,MLPDWSMLLAAITTAFLAAEKQWMMLDRKPKRLDMLEDPFGLGRVVQDGLVFRQNFSIRSYEIGADRTASIETVMNHLQETALNHVKTAGLSNDGFGRTPEMYKRDLIWVVAKMQVMVNRYPTWGDTVEVNTWFAKSGKNGMRRDWLISDCNTGEILTRASSVWVMMNQKTRKLSKIPDEVRREIEPHFVDSAPVIEDDDRKLPKLDEKSADSIRKGLTPRWNDLDVNQHVNNAKYIGWILESTPPEVLETQELCSLTLEYRRECGRESVLESLTAVDPSGEGYGSQFQHLLRLEDGGEIVKGRTEWRPKNAGIN,2
Cuphea_viscosisssima_(CvB2MT20,MLPDWSMLLAAITTAFLAAEKQWMMLDRKPKRLDMLEDPFGLGRVVQDGLVFRQNFSIRSYEIGADRTASIETVMNHLQETALNHVKTAGLSNDGFGRTPEMYKRDLIWVVAKMQVMVNRYPTWGDTVEVNTWFAKSGKIGMASDWLISDCNTGEILTRASSVWVMMNQKTRKLSKIPDEVRREIEPHFVDSAPVIEDDDRKLPKLDEKSADSIRKGLTPRWNDLDVNQHVNNAKYIGWILESTPPEVLETQELCSLTLEYRRECGRESVLESLTAVDPSGEGYGSQFQHLLRLEDGGEIVKGRTEWRPKNAGIN,3
Cuphea_viscosisssima_(CvB2MT21,MLPDWSMLLAAITTAFLAAEKQWMMLDRKPKRLDMLEDPFGLGRVVQDGLVFRQNFSIRSYEIGADRTASIETVMNHLQETALNHVKTAGLSNDGFGRTPEMYKRDLIWVVAKMQVMVNRYPTWGDTVEVNTWVAKSGKIGMRRDWLISDCNTGEILTRASSVWVMMNQKTRKLSKIPDEVRREIEPHFVDSPPVIEDNDRKLPKFDEKSADSIRKGLTPRWNDLDVNQHVNNAKYIGWILESTPPEVLETQELCSLTLEYRRECGRESVLESLTAVDPSGEGYGSQFQHLLRLEDGGEIVKGRTEWRPKNAGIN,2
Cuphea_viscosisssima_(CvB2MT22,MLPDWSMLLAAITTAFLAAEKQWMMLDRKPKRLDMLEDPFGLGRVVQDGLVFRQNFSIRSYEIGADRTASIETVMNHLQETALNHVKTAGLSNDGFGRTPEMYKRDLIWVVAKMQVMVNRYPTWGDTVEVNTWFAKSGKNGMRRDWLISDCNTGEILTRASSVWVMMNQKTRKLSKIPDEVRREIEPHFVDSPPVIEDNDRKLPKFDEKSADSIRKGLTPRWNDLDVNQHVNNAKYIGWILESTPPEVLETQELCSLTLEYRRECGRESVLESLTAVDPSGEGYGSQFQHLLRLEDGGEIVKGRTEWRPKNAGIN,3
Cuphea_viscosisssima_(CvB2MT23,MLPDWSMLLAAITTAFLAAEKQWMMLDRKPKRLDMLEDPFGLGRVVQDGLVFRQNFSIRSYEIGADRTASIETVMNHLQETALNHVKTAGLSNDGFGRTPEMYKRDLIWVVAKMQVMVNRYPTWGDTVEVNTWVAKSGKNGMRRDWLISDCNTGEILTRASSVWVMMNQKTRKFSKIPDEVRREIEPHFVDSPPVIEDNDRKLPKFDEKSADSIRKGLTPRWNDLDVNQHVNNAKYIGWILESTPPEVLETQELCSLTLEYRRECGRESVLESLTAVDPSGEGYGSQFQHLLRLEDGGEIVKGRTEWRPKNAGIN,1
Cuphea_viscosisssima_(CvB2MT24,MLPDWSMLLAAITTAFLAAEKQWMMLDRKPKRLDMLEDPFGLGRVVQDGLVFRQNFSIRSYEIGADRTASIETVMNHLQETALNHVKTAGLSNDGFGRTPEMYKRDLIWVVAKMQVMVNRYPTWGDTVEVNTWVAKSGKNGMRRDWLISDCNTGEILTRASSVWVMMNQKTRKLSKLPDEVRREIEPHFVDSPPVIEDNDRKLPKFDEKSADSIRKGLTPRWNDLDVNQHVNNAKYIGWILESTPPEVLETQELCSLTLEYRRECGRESVLESLTAVDPSGEGYGSQFQHLLRLEDGGEIVKGRTEWRPKNAGIN,1
Cuphea_viscosisssima_(CvB2MT25),MLPDWSMLLAAITTAFLAAEKQWMMLDRKPKRLDMLEDPFGLGRVVQDGLVFRQNFSIRSYEIGADRTASIETVMNHLQETALNHVKTAGLSNDGFGRTPEMYKRDLIWVVAKMQVMVNRYPTWGDTVEVNTWFAKSGKIGMRRDWLISDCNTGEILTRASSVWVMMNQKTRKFSKLPDEVRREFEPHFVDSAPVIEDDDRKLPKLDEKSADSIRKGLTPRWNDLDVNQHVNNAKYIGWILESTPPEVLETQELCSLTLEYRRECGRESVLESLTAVDPSGEGYGSQFQHLLRLEDGGEIVKGRTEWRPKNAGIN,3
Cuphea_viscosisssima_(CvB2MT26,MLPDWSMLLAAITTAFLAAEKQWMMLDRKPKRLDMLEDPFGLGRVVQDGLVFRQNFSIRSYEIGADRTASIETVMNHLQETALNHVKTAGLSNDGFGRTPEMYKRDLIWVFAKMQVMVNRYPTWGDTVEVNTWFAKSGKIGMRRDWLISDCNTGEILTRASSVWVMMNQKTRKFSKLPDEVRREIEPHFVDSAPVIEDDDRKLPKLDEKSADSIRKGLTPRWNDLDVNQHVNNAKYIGWILESTPPEVLETQELCSLTLEYRRECGRESVLESLTAVDPSGEGYGSQFQHLLRLEDGGEIVKGRTEWRPKNAGIN,3
Cuphea_viscosisssima_(CvB2MT27,MLPDWSMLLAAITTAFLAAEKQWMMLDRKPKRLDMLEDPFGLGRVVQDGLVFRQNFSIRSYEIGADRTASIETVMNHLQETALNHVKTAGLSNDGFGRTPEMYKRDLIWVVAKMQVMVNRYPTWGDTVEVNTWFAKSGKIGMRRDWLISDCNTGEILTRASSVWVMMNQKTRKLSKIPDEVRREIEPHFVDSPPVIEDNDRKLPKFDEKSADSIRKGLTPRWNDLDVNQHVNNAKYIGWILESTPPEVLETQELCSLTLEYRRECGRESVLESLTAVDPSGEGYGSQFQHLLRLEDGGEIVKGRTEWRPKNAGIN,3
Cuphea_viscosisssima_(CvB2MT28,MLPDWSMLLAAITTAFLAAEKQWMMLDRKPKRLDMLEDPFGLGRVVQDGLVFRQNFSIRSYEIGADRTASIETVMNHLQETALNHVKTAGLSNDGFGRTPEMYKRDLIWVVAKMQVMVNRYPTWGDTVEVNTWVAKSGKIGMRRDWLISDCNTGEILTRASSVWVMMNQKTRKLSKLPDEVRREIEPHFVDSPPVIEDNDRKLPKFDEKSADSIRKGLTPRWNDLDVNQHVNNAKYIGWILESTPPEVLETQELCSLTLEYRRECGRESVLESLTAVDPSGEGYGSQFQHLLRLEDGGEIVKGRTEWRPKNAGIN,2
Cuphea_viscosisssima_(CvB2MT29,MLPDWSMLLAAITTAFLAAEKQWMMLDRKPKRLDMLEDPFGLGRVVQDGLVFRQNFSIRSYEIGADRTASIETVMNHLQETALNHVKTAGLSNDGFGRTPEMYKRDLIWVVAKMQVMVNRYPTWGDTVEVNTWFAKSGKNGMRRDWLISDCNTGEILTRASSVWVMMNQKTRKFSKIPDEVRREIEPHFVDSPPVIEDNDRKLPKFDEKSADSIRKGLTPRWNDLDVNQHVNNAKYIGWILESTPPEVLETQELCSLTLEYRRECGRESVLESLTAVDPSGEGYGSQFQHLLRLEDGGEIVKGRTEWRPKNAGIN,3
Cuphea_viscosisssima_(CvB2MT3,MLPDWSMLLAAITTAFLAAEKQWMMLDRKPKRLDMLEDPFGLGRVVQDGLVFRQNFSIRSYEIGADRTASIETVMNHLQETALNHVKTAGLSNDGFGRTPEMYKRDLIWVVAKMQVMVNRYPTWGDTVEVNTWVAKSGKIGMRRDWLISDCNTGEILTRASSVWVMMNQKTRKLSKIPDEVRREIEPHFVDSAPVIEDDDRKLPKLDEKSADSIRKGLTPRWNDLDVNQHVNNAKYIGWILESTPPEVLETQELCSLTLEYRRECGRESVLESLTAVDPSGEGYGSQFQHLLRLEDGGEIVKGRTEWRPKNAGI,2
Cuphea_viscosisssima_(CvB2MT30,MLPDWSMLLAAITTAFLAAEKQWMMLDRKPKRLDMLEDPFGLGRVVQDGLVFRQNFSIRSYEIGADRTASIETVMNHLQETALNHVKTAGLSNDGFGRTPEMYKRDLIWVVAKMQVMVNRYPTWGDTVEVNTWFSQSGKIGMASDWLISDCNTGEILTRASSVWVMMNQKTRKLSKIPDEVRREIEPHFVDSAPVIEDDDRKLPKLDEKSADSIRKGLTPRWNDLDVNQHVNNAKYIGWILESTPPEVLETQELCSLTLEYRRECGRESVLESLTAVDPSGEGYGSQFQHLLRLEDGGEIVKGRTEWRPKNAGIN,3
Cuphea_viscosisssima_(CvB2MT31,MLPDWSMLLAAITTAFLAAEKQWMMLDRKPKRLDMLEDPFGLGRVVQDGLVFRQNFSIRSYEIGADRTASIETVMNHLQETALNHVKTAGLSNDGFGRTPEMYKRDLIWVVAKMQVMVNRYPTWGDTVEVNTWFAKSGKIGMRRDWLISDCNTGEILTRASSVWVMMNQKTRKFSKIPDEVRREIEPHFVDSPPVIEDNDRKLPKFDEKSADSIRKGLTPRWNDLDVNQHVNNAKYIGWILESTPPEVLETQELCSLTLEYRRECGRESVLESLTAVDPSGEGYGSQFQHLLRLEDGGEIVKGRTEWRPKNAGIN,3
Cuphea_viscosisssima_(CvB2MT32,MLPDWSMLLAAITTAFLAAEKQWMMLDRKPKRLDMLEDPFGLGRVVQDGLVFRQNFSIRSYEIGADRTASIETVMNHLQETALNHVKTAGLSNDGFGRTPEMYKRDLIWVVAKMQVMVNRYPTWGDTVEVNTWFAKSGKNGMRRDWLISDCNTGEILTRASSVWVMMNQKTRKLSKLPDEVRREIEPHFVDSPPVIEDNDRKLPKFDEKSADSIRKGLTPRWNDLDVNQHVNNAKYIGWILESTPPEVLETQELCSLTLEYRRECGRESVLESLTAVDPSGEGYGSQFQHLLRLEDGGEIVKGRTEWRPKNAGIN,3
Cuphea_viscosisssima_(CvB2MT33),MLPDWSMLLAAITTAFLAAEKQWMMLDRKPKRLDMLEDPFGLGRVVQDGLVFRQNFSIRSYEIGADRTASIETVMNHLQETALNHVKTAGLSNDGFGRTPEMYKRDLIWVVAKMQVMVNRYPTWGDTVEVNTWFAKSGKIGMRRDWLISDCNTGEILTRASSVWVMMNQKTRKFSKLPDEVRREIEPHFVDSPPVIEDNDRKLPKFDEKSADSIRKGLTPRWNDLDVNQHVNNAKYIGWILESTPPEVLETQELCSLTLEYRRECGRESVLESLTAVDPSGEGYGSQFQHLLRLEDGGEIVKGRTEWRPKNAGIN,3
Cuphea_viscosisssima_(CvB2MT34),MLPDWSMLLAAITTAFLAAEKQWMMLDRKPKRLDMLEDPFGLGRVVQDGLVFRQNFSIRSYEIGADRTASIETVMNHLQETALNHVKTAGLSNDGFGRTPEMYKRDLIWVVAKMQVMVNRYPTWGDTVEVNTWFAKSGKIGMRRDWLISDCNTGEILTRASSVWVMMNQKTRKFSKLPDEVRREFEPHFVDSPPVIEDNDRKLPKFDEKSADSIRKGLTPRWNDLDVNQHVNNAKYIGWILESTPPEVLETQELCSLTLEYRRECGRESVLESLTAVDPSGEGYGSQFQHLLRLEDGGEIVKGRTEWRPKNAGIN,3
Cuphea_viscosisssima_(CvB2MT35,MLPDWSMLLAAITTAFLAAEKQWMMLDRKPKRLDMLEDPFGLGRVVQDGLVFRQNFSIRSYEIGADRTASIETVMNHLQETALNHVKTAGLSNDGFGRTPEMYKRDLIWVFAKMQVMVNRYPTWGDTVEVNTWFAKSGKIGMRRDWLISDCNTGEILTRASSVWVMMNQKTRKFSKLPDEVRREIEPHFVDSPPVIEDNDRKLPKFDEKSADSIRKGLTPRWNDLDVNQHVNNAKYIGWILESTPPEVLETQELCSLTLEYRRECGRESVLESLTAVDPSGEGYGSQFQHLLRLEDGGEIVKGRTEWRPKNAGIN,3
Cuphea_viscosisssima_(CvB2MT36,MLPDWSMLLAAITTAFLAAEKQWMMLDRKPKRLDMLEDPFGLGRVVQDGLVFRQNFSIRSYEIGADRTASIETVMNHLQETALNHVKTAGLSNDGFGRTPEMYKRDLIWVFAKMQVMVNRYPTWGDTVEVNTWFAKSGKIGMRRDWLISDCNTGEILTRASSVWVMMNQKTRKFSKLPDEVRREFEPHFVDSPPVIEDNDRKLPKFDEKSADSIRKGLTPRWNDLDVNQHVNNAKYIGWILESTPPEVLETQELCSLTLEYRRECGRESVLESLTAVDPSGEGYGSQFQHLLRLEDGGEIVKGRTEWRPKNAGIN,3
Cuphea_viscosisssima_(CvB2MT37,MLPDWSMLLAAITTAFLAAEKQWMMLDRKPKRLDMLEDPFGLGRVVQDGLVFRQNFSIRSYEIGADRTASIETVMNHLQETALNHVKTAGLSNDGFGRTPEMYKRDLIWVFAKMQVMVNRYPTWGDTVEVNTWFAKSGKIGMASDWLISDCNTGEILTRASSVWVMMNQKTRKFSKLPDEVRREIEPHFVDSPPVIEDNDRKLPKFDEKSADSIRKGLTPRWNDLDVNQHVNNAKYIGWILESTPPEVLETQELCSLTLEYRRECGRESVLESLTAVDPSGEGYGSQFQHLLRLEDGGEIVKGRTEWRPKNAGIN,3
Cuphea_viscosisssima_(CvB2MT38,MLPDWSMLLAAITTAFLAAEKQWMMLDRKPKRLDMLEDPFGLGRVVQDGLVFRQNFSIRSYEIGADRTASIETVMNHLQETALNHVKTAGLSNDGFGRTPEMYKRDLIWVFAKMQVMVNRYPTWGDTVEVNTWFAKSGKIGMASDWLISDCNTGEILTRASSVWVMMNQKTRKFSKLPDEVRREFEPHFVDSPPVIEDNDRKLPKFDEKSADSIRKGLTPRWNDLDVNQHVNNAKYIGWILESTPPEVLETQELCSLTLEYRRECGRESVLESLTAVDPSGEGYGSQFQHLLRLEDGGEIVKGRTEWRPKNAGIN,1
Cuphea_viscosisssima_(CvB2MT4,MLPDWSMLLAAITTAFLAAEKQWMMLDRKPKRLDMLEDPFGLGRVVQDGLVFRQNFSIRSYEIGADRTASIETVMNHLQETALNHVKTAGLSNDGFGRTPEMYKRDLIWVVAKMQVMVNRYPTWGDTVEVNTWVAKSGKNGMRRDWLISDCNTGEILTRASSVWVMMNQKTRKFSKIPDEVRREIEPHFVDSAPVIEDDDRKLPKLDEKSADSIRKGLTPRWNDLDVNQHVNNAKYIGWILESTPPEVLETQELCSLTLEYRRECGRESVLESLTAVDPSGEGYGSQFQHLLRLEDGGEIVKGRTEWRPKNAGIN,1
Cuphea_viscosisssima_(CvB2MT40,MLPDWSMLLAAITTAFLAAEKQWMMLDRKPKRLDMLEDPFGLGRVVQDGLVFRQNFSIRSYEIGADRTASIETVMNHLQETALNHVKTAGLSNDGFGRTPEMYKRDLIWVLAKMQVMVNRYPTWGDTVEVNTWFAKSGKIGMASDWLISDCNTGEILTRASSVWVMMNQKTRKFSKLPDEVRREFEPHFVDSPPVIEDNDRKLPKFDEKSADSIRKGLTPRWNDLDVNQHVNNAKYIGWILESTPPEVLETQELCSLTLEYRRECGRESVLESLTAVDPSGEGYGSQFQHLLRLEDGGEIVKGRTEWRPKNAGIN,3
Cuphea_viscosisssima_(CvB2MT41,MLPDWSMLLAAITTAFLAAEKQWMMLDRKPKRLDMLEDPFGLGRVVQDGLVFRQNFSIRSYEIGADRTASIETVMNHLQETALNHVKTAGLSNDGFGRTPEMYKRDLIWVFAKMQVMVNRYPTWGDTVEVNTWFAKSGKIGMGRDWLISDCNTGEILTRASSVWVMMNQKTRKFSKLPDEVRREFEPHFVDSPPVIEDNDRKLPKFDEKSADSIRKGLTPRWNDLDVNQHVNNAKYIGWILESTPPEVLETQELCSLTLEYRRECGRESVLESLTAVDPSGEGYGSQFQHLLRLEDGGEIVKGRTEWRPKNAGIN,3
Cuphea_viscosisssima_(CvB2MT42,MLPDWSMLLAAITTAFLAAEKQWMMLDRKPKRLDMLEDPFGLGRVVQDGLVFRQNFSIRSYEIGADRTASIETVMNHLQETALNHVKTAGLSNDGFGRTPEMYKRDLIWVVAKMQVMVNRYPTWGDTVEINTWFAKSGKIGMASDWLISDCNTGEILTRASSVWVMMNQKTRKLSKIPDEVRREIEPHFVDSAPVIEDDDRKLPKLDEKSADSIRKGLTPRWNDLDVNQHVNNAKYIGWILESTPPEVLETQELCSLTLEYRRECGRESVLESLTAVDPSGEGYGSQFQHLLRLEDGGEIVKGRTEWRPKNAGIN,3
Cuphea_viscosisssima_(CvB2MT43,MLPDWSMLLAAITTAFLAAEKQWMMLDRKPKRLDMLEDPFGLGRVVQDGLVFRQNFSIRSYEIGADRTASIETVMNHLQETALNHVKTAGLSNDGFGRTPEMYKRDLIWVVAKMQVMVNRYPTWGDTVEVNTWVAKSGKNGMRRDWLISDCNTGEILTRASSVWAMMNQKTRKLSKIPDEVRREIEPHFVDSAPVIEDDDRKLPKLDEKSADSIRKGLTPRWNDLDVNQHVNNAKYIGWILESTPPEVLETQELCSLTLEYRRECGRESVLESLTAVDPSGEGYGSQFQHLLRLEDGGEIVKGRTEWRPKNAGIN,1
Cuphea_viscosisssima_(CvB2MT44,MLPDWSMLLAAITTAFLAAEKQWMMLDRKPKRLDMLEDPFGLGRVVQDGLVFRQNFSIRSYEIGADRTASIETVMNHLQETALNHVKTAGLSNDGFGRTPEMYKRDLIWVVAKMQVMVNRYPTWGDTVEVNTWFAKSGKIGMASDWLISDCNTGEILTRASSVWAMMNQKTRKLSKIPDEVRREIEPHFVDSAPVIEDDDRKLPKLDEKSADSIRKGLTPRWNDLDVNQHVNNAKYIGWILESTPPEVLETQELCSLTLEYRRECGRESVLESLTAVDPSGEGYGSQFQHLLRLEDGGEIVKGRTEWRPKNAGIN,3
Cuphea_viscosisssima_(CvB2MT45,MLPDWSMLLAAITTAFLAAEKQWMMLDRKPKRLDMLEDPFGLGRVVQDGLVFRQNFSIRSYEIGADRTASIETVMNHLQETALNHVKTAGLSNDGFGRTPEMYKRDLIWVVAKMQVMVNRYPTWGDTVEVNTWFAKSGKIGMGRDWLISDCNTGEILTRASSVWVMMNQKTRKLSKIPDEVRREIEPHFVDSAPVIEDDDRKLPKLDEKSADSIRKGLTPRWNDLDVNQHVNNAKYIGWILESTPPEVLETQELCSLTLEYRRECGRESVLESLTAVDPSGEGYGSQFQHLLRLEDGGEIVKGRTEWRPKNAGIN,3
Cuphea_viscosisssima_(CvB2MT47,MLPDWSMLLAAITTAFLAAEKQWMMLDRKPKRLDMLEDPFGLGRVVQDGLVFRQNFSIRSYEIGADRTASIETVMNHLQETALNHVKTAGLSNDGFGRTPEMYKRDLIWVLAKMQVMVNRYPTWGDTVEVNTWFAKSGKIGMGRDWLISDCNTGEILTRASSVWVMMNQKTRKFSKLPDEVRREFEPHFVDSAPVIEDDDRKLPKLDEKSADSIRKGLTPRWNDLDVNQHVNNAKYIGWILESTPPEVLETQELCSLTLEYRRECGRESVLESLTAVDPSGEGYGSQFQHLLRLEDGGEIVKGRTEWRPKNAGIN,3
Cuphea_viscosisssima_(CvB2MT48,MLPDWSMLLAAITTAFLAAEKQWMMLDRKPKRLDMLEDPFGLGRVVQDGLVFRQNFSIRSYEIGADRTASIETVMNHLQETALNHVKTAGLSNDGFGRTPEMYKRDLIWVLAKMQVMVNRYPTWGDTVEVNTWFAKSGKIGMASDWLISDCNTGEILTRASSVWVMMNQKTRKLSKIPDEVRREIEPHFVDSAPVIEDDDRKLPKLDEKSADSIRKGLTPRWNDLDVNQHVNNAKYIGWILESTPPEVLETQELCSLTLEYRRECGRESVLESLTAVDPSGEGYGSQFQHLLRLEDGGEIVKGRTEWRPKNAGIN,3
Cuphea_viscosisssima_(CvB2MT5,MLPDWSMLLAAITTAFLAAEKQWMMLDRKPKRLDMLEDPFGLGRVVQDGLVFRQNFSIRSYEIGADRTASIETVMNHLQETALNHVKTAGLSNDGFGRTPEMYKRDLIWVVAKMQVMVNRYPTWGDTVEVNTWVAKSGKNGMRRDWLISDCNTGEILTRASSVWVMMNQKTRKLSKLPDEVRREIEPHFVDSAPVIEDDDRKLPKLDEKSADSIRKGLTPRWNDLDVNQHVNNAKYIGWILESTPPEVLETQELCSLTLEYRRECGRESVLESLTAVDPSGEGYGSQFQHLLRLEDGGEIVKGRTEWRPKNAGIN,1
Cuphea_viscosisssima_(CvB2MT6),MLPDWSMLLAAITTAFLAAEKQWMMLDRKPKRLDMLEDPFGLGRVVQDGLVFRQNFSIRSYEIGADRTASIETVMNHLQETALNHVKTAGLSNDGFGRTPEMYKRDLIWVVAKMQVMVNRYPTWGDTVEVNTWVAKSGKNGMRRDWLISDCNTGEILTRASSVWVMMNQKTRKLSKIPDEVRREFEPHFVDSAPVIEDDDRKLPKLDEKSADSIRKGLTPRWNDLDVNQHVNNAKYIGWILESTPPEVLETQELCSLTLEYRRECGRESVLESLTAVDPSGEGYGSQFQHLLRLEDGGEIVKGRTEWRPKNAGIN,3
Cuphea_viscosisssima_(CvB2MT7,MLPDWSMLLAAITTAFLAAEKQWMMLDRKPKRLDMLEDPFGLGRVVQDGLVFRQNFSIRSYEIGADRTASIETVMNHLQETALNHVKTAGLSNDGFGRTPEMYKRDLIWVVAKMQVMVNRYPTWGDTVEVNTWVAKSGKNGMRRDWLISDCNTGEILTRASSVWVMMNQKTRKLSKIPDEVRREIEPHFVDSPPVIEDDDRKLPKLDEKSADSIRKGLTPRWNDLDVNQHVNNAKYIGWILESTPPEVLETQELCSLTLEYRRECGRESVLESLTAVDPSGEGYGSQFQHLLRLEDGGEIVKGRTEWRPKNAGIN,1
Cuphea_viscosisssima_(CvB2MT8,MLPDWSMLLAAITTAFLAAEKQWMMLDRKPKRLDMLEDPFGLGRVVQDGLVFRQNFSIRSYEIGADRTASIETVMNHLQETALNHVKTAGLSNDGFGRTPEMYKRDLIWVVAKMQVMVNRYPTWGDTVEVNTWVAKSGKNGMRRDWLISDCNTGEILTRASSVWVMMNQKTRKLSKIPDEVRREIEPHFVDSAPVIEDNDRKLPKLDEKSADSIRKGLTPRWNDLDVNQHVNNAKYIGWILESTPPEVLETQELCSLTLEYRRECGRESVLESLTAVDPSGEGYGSQFQHLLRLEDGGEIVKGRTEWRPKNAGIN,1
Cuphea_viscosisssima_(CvB2MT9,MLPDWSMLLAAITTAFLAAEKQWMMLDRKPKRLDMLEDPFGLGRVVQDGLVFRQNFSIRSYEIGADRTASIETVMNHLQETALNHVKTAGLSNDGFGRTPEMYKRDLIWVVAKMQVMVNRYPTWGDTVEVNTWVAKSGKNGMRRDWLISDCNTGEILTRASSVWVMMNQKTRKLSKIPDEVRREIEPHFVDSAPVIEDDDRKLPKFDEKSADSIRKGLTPRWNDLDVNQHVNNAKYIGWILESTPPEVLETQELCSLTLEYRRECGRESVLESLTAVDPSGEGYGSQFQHLLRLEDGGEIVKGRTEWRPKNAGIN,1
Cuphea_viscosisssima_(CvFatB1,MLPDWSMLLAAITTAFLAAEKQWMMLDRKPKRLDMLEDPFGLGRVVQDGLVFRQNFSIRSYEIGADRTASIETVMNHLQETALNHVKTAGLSNDGFGRTPEMYKRDLIWVLAKMQVMVNRYPTWGDTVEINTWFSQSGKIGMASDWLISDCNTGEILTRASSVWAMMNQKTRKFSKLPDEVRRELEPHFVDSPPVIEDNDRKLPKFDEKSADSIRKGLTPRWNDLDVNQHVNNAKYIGWILESTPPEVLETQELCSLTLEYRRECGRESVLESLTAVDPSGEGYGSQFQHLLRLEDGGEIVKGRTEWRPKNAGIN,3
Cuphea_viscosisssima_(CvFatB2,MLPDWSMLLAAITTAFLAAEKQWMMLDRKPKRLDMLEDPFGLGRVVQDGLVFRQNFSIRSYEIGADRTASIETVMNHLQETALNHVKTAGLSNDGFGRTPEMYKRDLIWVVAKMQVMVNRYPTWGDTVEVNTWVAKSGKNGMRRDWLISDCNTGEILTRASSVWVMMNQKTRKLSKIPDEVRREIEPHFVDSAPVIEDDDRKLPKLDEKSADSIRKGLTPRWNDLDVNQHVNNAKYIGWILESTPPEVLETQELCSLTLEYRRECGRESVLESLTAVDPSGEGYGSQFQHLLRLEDGGEIVKGRTEWRPKNAGIN,2
Diploknema_butyracea,MLPDWSMLLAAITTIFLAAEKQWMMLDWKPRRPDMIIDSFGLGKIVQDGLVFRQNFSIRSYEIGADRTASVETMMNHLQETALNHVRAAGLMADGFGATPEMSKRNLIWVVTKMQVLVDRYPKWGDVVQVETWIAAYGKNCMRRDWFVRDCKTGDIITRASSVWVMMNKETRRLSKIPHEVRCEIGSYFVDSPPVLAEDSRKLRKLDESTADYICTGLKPRWSDLDVNQHVNNVKYIGWILETAPQLILESHELCGMTLEYRRECGKDSVLQSMTAVSGGAIGGLVDPGYVECQHLLRLEDGAEIVKARTHWRPKYANCLGSHGQLPAESA,1
Elaeis_guineensis,MLPDWSVLLAAVTTIFLAAEKQWTLLDWKPRRPDMLTGAFSLGKIVQDGLVFRQNFSIRSYEIGADRTASIETLMNHLQETALNHVRNAGLLGDGFGATPEMSKRNLIWVVTKMQVLIEHYPSWGDVVEVDTWVGASGKNGMRRDWHVRDYRTGQTILRATSIWVMMDKHTRKLSKMPEEVRAEIGPYFMEHAAIVDEDSRKLPKLDDDTADYIKWGLTPRWSDLDVNQHVNNVKYIGWILESAPISILENHELASMTLEYRRECGRDSVLQSLTAVANDCTGGLPEASIECQHLLQLECGAEIVRGRTQWRPRRASGPTSAGSA,2
Gossypium_hirsutum,MLPDWSMLLAAITTIFLAAEKQWMMLDWKPRRPDMVIDPFGIGKIVQDGLVFSQNFSIRSYEIGADQTASIETLMNHLQETAINHCRSAGLLGEGFGATPEMCKKNLIWVVTRMQVVVDRYPTWGDVVQVDTWVSASGKNGMRRDWLVSNSETGEILTRATSVWVMMNKLTRRLSKIPEEVRGEIEPFFMNSDPVLAEDSQKLVKLDDSTAEHVCKGLTPKWSDLDVNQHVNNVKYIGWILESAPLPILESHELSALTLEYRRECGRDSVLQSLTTVSDSNTENAVNVGEFNCQHLLRLDDGAEIVRGRTRWRPKHAKSSANMDQITAKRA,1
Helianthus_Annuus_(HaFatA1),MAVKVDEQRTGVAVDVTEKRLADRLRMGSLTEDGLSYKERFIIRCYEVGINKTATVETIANLLQEVGGNHAQSVGFSTDGFATTTTMRKLNLIWVTSRMHIEIYRYPAWSDVVEIETWCQGEGRIGTRRDWIIKDHANGEVIGRATSKWVMMNSETRRLQKVNDDIRDEYLIFCPKTLRLAFPEENNNSLKKIAKLEDPAECSTLGLVPRRADLDMNKHVNNVTYIGWVLESIPQEVIDTHELQTITLDYRRECQHDDVVDSLTSSESPAVNGCASGENLSKFLHLLRSSGEGLELNRGRTEWRKKPAKK,1
Helianthus_Annuus_(HaFatB1),MLPDWSMLLAAITTIFLAAEKQWMMLEWKTKRPDMIADMDPFGLGRIVQDGLVFRQNFSIRSYEIGADRTASIETLMNHLQETALNHVKSAGLLGDGFGSTPEMCKKNLFWVVTKMQVIVDRYPTWGDVVQVDTWVAPNGKNGMRRDWLVRDYKTGEILTRASSNWVMMNKETRRLSKIPDEVRGEIEHYFVDAPPVVEDDSRKLSKLDESTADYVRDGLIPRWSDLDVNQHVNNVKYIGWILESAPQVVEKYELARITLEYRRECRKDSVVKSLTSVLGGGDDDNGGIGDSGRVDCQHVLLFAGGGDGTPGGEIVKGRTQWRPKYEKQDGSVDHFSAGNV,1
Iris_germanica_1,MLPDWSVLLAAITTIFLAAEKQWTLIDWKRGGPDMLTDAFGLGKIIENGLIYRQNFSIRSYEIGADQTASIETLMNHLQETALNHVRCAGLLGNGFGSTPEMSKRNLIWVVTKMQVLVEHYPSWGDVIEVDTWAGGSGKNGMRRDWHVRDSQTGQTIMRASSNWVMMNKSTRKLSKFPEEVRAEIRPYFMDRVPIIDEDNRKLPKLDDDTADHVRSGLTPKWSDLDVNQHVNNVKYLGWILESAPISMLESHELASFTLEYRRECGRDGVLQSLTAVSADCSAGPAELPIECQHLLRLEGGSELVKGRTEWRPKKHGPFPAGSP,1
Iris_germanica_2,MLPDWSVLLAAITTIFLAAEKQWTLIDWKRGGPDMLSDAFGLPKIIENGLLYRQKFSIRSYEIGADQTASIETLMNHLQETALNHVKCAGLLGNGFGSTPEMSKMNLIWVVTKMQVLVEHYPSWGDVIEVDTWAAASGKNGMRRDWHVRDWQTGQTIMRASSNWVMMNQNTRRLSKFPEEVRAEIEPYFMERAPVIDDDNRKLPKLDDDTADHVRNGLTPRWSDLDVNQHVKNVKYIGWILESAPISILESHELASMTLEYRRECGRDSVLQSLTSVSNNCTDGSEELPIECQHLLRNEGGSEIVKGRTEWRPKKCGPFGAGRP,1
Jatropha_curcas,MLPDWSMLLAAITTIFLAAEKQWMMLDWKPRRPDMLIDPFGLGRIVQDGLVFRQNFSIRSYEIGADRTASIETLMNHLQETALNHVKTAGLLGEGFGSTPEMSKRNLIWVVTRMQVLVDRYPTWGDVVEVDTWVSASGKNGMRRDWLVRDSKTGETLTRASSVWVMMNKLTRRLSKIPEEVRGEIEPYFLNSDPIVDEDGRKLPKLDDNTADYVCKGLTPRWSDLDVNQHVNNVKYIGWILESAPLPILESHELSSIIMEYRRECGRDSVLQSLTAVSGTGLGNLGNAGEIECQHLLRLEEGAEIVRGRTAWRPKYRSNFGIMGQIPVESA,1
Lindera_communis,MLPDWSMFLAAITTIFLAAEKQWTNLDWKPRRPDMLADPFGIGRFMQDGLIFRQHFAIRSYEIGADRTASIETLMNHLQETALNHVRSAGLLGDGFGATPEMSRRDLIWVVTRMQVLVDRYPAWGDIVEVETWVGASGKNGMRREWLVRDSQTGEILTRATSVWVMMNKRTRRLSKIPEEVRGEIGPYFMEDVAIVEEDSRKVQKLNENTADSVRRGLTPRWSDLDVNQHVNNVKYIGWILESAPGSILESHELSCMTLEYRRECGKDSVLQSMTAVSGGGSAAGGSPESSVECDHLLQLESGPEVVRGRTEWRPKSAKDSRSILEMPAESS,2
Micromonas_pusilla,MRTRLRAIESDTARSAKQHAVDTDLEVPEWHSRSLIEDGRAFTETFPVRFDEVGPNKKTTMRTIASMLQECACNHAQGIWGRSQAMPADMKAQNLGWVCTRLHIVVDEYPAWGDMVEVRTWFDSQGKIAARRDWDMYYCTGDEEPNEQCASVGRATSQWVAFNIAKRKLARIPATVIPQFREQARKTRALKNTPVMGDDYDPDKLPDVREMSGAIAPTTQSVRRNDLDMNGHVNNVVYTEWLLEAVPHYMWNEFELTELVLEFREECGYGDLVDAVSANEKRVRTEFGQENAGVSMAHMLLRKSKGGSGDGAPTEVVRARTVWKARPRSPDLPAPAR,1
Physcomitrella_patens,MAAIAGVALAAENQRRHDKTEVPVDVFRQGRLVESRLVYGQTFVIRSYEIGADRTASIETMMNHFQETALNHVWMSGLAGDGFGATRAMSCNNLIWVVTRMQVHVEQYPAWGNIVEMDTWVAASGKNGMRRDWLVRDYKSGQILARATSIWVMMNRKTRKLSKMPEEVRAEISPYFLERFAIKDEDEMTQKICRLNGSAEYVRSGLTPRRSDLDMNQHVNNVKYIGWMLETVPPAVLDGYELVSMNLEYRRECGQSDVVQSMTTADGGNLQFVHLLRMESDGAEIVRGRTRWRPKKLNHSQLS,1
Prunus_sibirica_L._(Siberian,MLPDWSVLLAAITTIFLAAEKQWTMLDWKPKRPDMLIDPFGLGRIVQDGLVFRQNFSIRSYEIGADRTASIETLMNHLQETALNHVKTAGLLGDGFGSTPEMSVRNLIWVVTKMQVVVDRYPTWGDVVQVDTWVSASGKNGMRRDWILQDCKTGQILTRATSVWVMMNKLTRRLSKIPDEVRGEIEPFFMNSPPVVEEDSRKLLKLDDKTADFVRTGLTPRWGDLDINQHVNNVKYIGWILESAPLPILESHELSSLTLEYRRECGRDSVLQSLTAVSGADIGNLGSNGGVECQHLLRLEEGAEIVRGRTEWRPKYANNLGIVGQLPAESA,1
Ricinus_communis,MLPDWSMLLAAITTIFLAAEKQWMMLDWKPRRPDMLIDPFGIGRIVQDGLIFRQNFSIRSYEIGADRTASIETLMNHLQETALNHVKTAGLLGDGFGSTPEMSKRNLIWVVTRMQVLVDRYPTWGDVVQVDTWVSKSGKNGMRRDWCVRDSRTGETLTRASSVWVMMNKLTRRLSKIPEEVRGEIEPYFLNSDPIVDEDSRKLPKLDDSNADYVRKGLTPRWSDLDINQHVNNVKYIGWILESAPLPILESHELSAITLEYRRECGRDSVLQSLTAVSGNGIGNLGNAGDIECQHLLRLEDGAEIVRGRTEWRPKYSSNFGIMGQIPVESA,1
rTE12,MLPDWSMLLTAITTVFVAAEKQWTMLDRKSKRPDMLVDSVGLKSIVRDGLVSRHSFSIRSYEIGADRTASIETLMNHLQETTINHCKSLGLHNDGFGRTPGMCKNDLIWVLTKMQIMVNRYPTWGDTVEVNTWVAKSGKNGMRRDWLISDCNTGEILTRASSVWVMMNQKTRKLSKIPDEVRREIEPHFVDSAPVIEDDDRKLPKLDEKSADSIRKGLTPRWNDLDVNQHVSNVKYIGWILESMPIEVLETQELCSLTVEYRRECGMDSVLESVTAVDPSENGGRSQYKHLLRLEDGTDIVKSRTEWRPKNAGTNGAISTSTAKTSNGNSVS,3
rTE15,MLPDWSMLLTAITTVFVAAEKQWTMLDRKSKRPDMLVDSVGLKSIVRDGLVSRHSFSIRSYEIGADRTASIETLMNHLQETTINHCKSLGLHNDGFGRTPGMCKNDLIWVLTKMQIMVNRYPTWGDTVEVNTWVAKSGKNGMRRDWLISDCNTGEILTRASSVWVMMNQKTRKLSKIPDEVRREIEPHFVDSAPVIEDDDRKLPKLDEKSADSIRKGLTPRWNDLDVNQHVNNAKYIGWILESTPPEVLETQELCSLTLEYRRECGRESVLESLTAVDPSGEGYGSQFQHLLRLEDGGEIVKGRTEWRPKNAGINGVVPSEESSPGDYS,3
rTE16,MLPDWSMLLTAITTVFVAAEKQWTMLDRKSKRPDMLVDSVGLKSIVRDGLVSRHSFSIRSYEIGADRTASIETVMNHLQETALNHVKTAGLSNDGFGRTPEMYKRDLIWVVAKMQVMVNRYPTWGDTVEINTWFSQSGKIGMASDWLISDCNTGEILIRATSVWAMMNQKTRRFSRLPYEVRQELTPHFVDSPHVIEDNDQKLRKFDVKTGDSIRKGLTPRWNDLDVNQHVSNVKYIGWILESMPIEVLETQELCSLTVEYRRECGMDSVLESVTAVDPSENGGRSQYKHLLRLEDGTDIVKSRTEWRPKNAGTNGAISTSTAKTSNGNSVS,3
rTE20,MLPDWSMLLTAITTVFVAAEKQWTMLDRKSKRPDMLVDSVGLKSIVRDGLVSRHSFSIRSYEIGADRTASIETVMNHLQETALNHVKTAGLSNDGFGRTPEMYKRDLIWVVAKMQVMVNRYPTWGDTVEINTWFSQSGKIGMASDWLISDCNTGEILIRATSVWAMMNQKTRKLSKIPDEVRREIEPHFVDSAPVIEDDDRKLPKLDEKSADSIRKGLTPRWNDLDVNQHVSNVKYIGWILESMPIEVLETQELCSLTVEYRRECGMDSVLESVTAVDPSENGGRSQYKHLLRLEDGTDIVKSRTEWRPKNAGTNGAISTSTAKTSNGNSVS,3
rTE24,MLPDWSMLLTAITTVFVAAEKQWTMLDRKSKRPDMLVDSVGLKSIVRDGLVSRHSFSIRSYEIGADRTASIETVMNHLQETALNHVKTAGLSNDGFGRTPEMYKRDLIWVVAKMQVMVNRYPTWGDTVEVNTWVAKSGKNGMRRDWLISDCNTGEILTRASSVWVMMNQKTRRFSRLPYEVRQELTPHFVDSPHVIEDNDQKLRKFDVKTGDSIRKGLTPRWNDLDVNQHVSNVKYIGWILESMPIEVLETQELCSLTVEYRRECGMDSVLESVTAVDPSENGGRSQYKHLLRLEDGTDIVKSRTEWRPKNAGTNGAISTSTAKTSNGNSVS,2
rTE28,MLPDWSMLLTAITTVFVAAEKQWTMLDRKSKRPDMLVDSVGLKSIVRDGLVSRHSFSIRSYEIGADRTASIETVMNHLQETALNHVKTAGLSNDGFGRTPEMYKRDLIWVVAKMQVMVNRYPTWGDTVEVNTWVAKSGKNGMRRDWLISDCNTGEILTRASSVWVMMNQKTRKLSKIPDEVRREIEPHFVDSAPVIEDDDRKLPKLDEKSADSIRKGLTPRWNDLDVNQHVSNVKYIGWILESMPIEVLETQELCSLTVEYRRECGMDSVLESVTAVDPSENGGRSQYKHLLRLEDGTDIVKSRTEWRPKNAGTNGAISTSTAKTSNGNSVS,1
rTE3,MLPDWSMLLTAITTVFVAAEKQWTMLDRKSKRPDMLVDSVGLKSIVRDGLVSRHSFSIRSYEIGADRTASIETLMNHLQETTINHCKSLGLHNDGFGRTPGMCKNDLIWVLTKMQIMVNRYPTWGDTVEINTWFSQSGKIGMASDWLISDCNTGEILIRATSVWAMMNQKTRRFSRLPYEVRQELTPHFVDSPHVIEDNDQKLRKFDVKTGDSIRKGLTPRWNDLDVNQHVNNAKYIGWILESTPPEVLETQELCSLTLEYRRECGRESVLESLTAVDPSGEGYGSQFQHLLRLEDGGEIVKGRTEWRPKNAGINGVVPSEESSPGDYS,3
rTE32,MLPDWSMLLAAITTAFLAAEKQWMMLDRKPKRLDMLEDPFGLGRVVQDGLVFRQNFSIRSYEIGADRTASIETLMNHLQETTINHCKSLGLHNDGFGRTPGMCKNDLIWVLTKMQIMVNRYPTWGDTVEINTWFSQSGKIGMASDWLISDCNTGEILIRATSVWAMMNQKTRRFSRLPYEVRQELTPHFVDSPHVIEDNDQKLRKFDVKTGDSIRKGLTPRWNDLDVNQHVSNVKYIGWILESMPIEVLETQELCSLTVEYRRECGMDSVLESVTAVDPSENGGRSQYKHLLRLEDGTDIVKSRTEWRPKNAGTNGAISTSTAKTSNGNSVS,3
rTE36,MLPDWSMLLAAITTAFLAAEKQWMMLDRKPKRLDMLEDPFGLGRVVQDGLVFRQNFSIRSYEIGADRTASIETLMNHLQETTINHCKSLGLHNDGFGRTPGMCKNDLIWVLTKMQIMVNRYPTWGDTVEINTWFSQSGKIGMASDWLISDCNTGEILIRATSVWAMMNQKTRKLSKIPDEVRREIEPHFVDSAPVIEDDDRKLPKLDEKSADSIRKGLTPRWNDLDVNQHVSNVKYIGWILESMPIEVLETQELCSLTVEYRRECGMDSVLESVTAVDPSENGGRSQYKHLLRLEDGTDIVKSRTEWRPKNAGTNGAISTSTAKTSNGNSVS,3
rTE4,MLPDWSMLLTAITTVFVAAEKQWTMLDRKSKRPDMLVDSVGLKSIVRDGLVSRHSFSIRSYEIGADRTASIETLMNHLQETTINHCKSLGLHNDGFGRTPGMCKNDLIWVLTKMQIMVNRYPTWGDTVEINTWFSQSGKIGMASDWLISDCNTGEILIRATSVWAMMNQKTRKLSKIPDEVRREIEPHFVDSAPVIEDDDRKLPKLDEKSADSIRKGLTPRWNDLDVNQHVSNVKYIGWILESMPIEVLETQELCSLTVEYRRECGMDSVLESVTAVDPSENGGRSQYKHLLRLEDGTDIVKSRTEWRPKNAGTNGAISTSTAKTSNGNSVS,3
rTE40,MLPDWSMLLAAITTAFLAAEKQWMMLDRKPKRLDMLEDPFGLGRVVQDGLVFRQNFSIRSYEIGADRTASIETLMNHLQETTINHCKSLGLHNDGFGRTPGMCKNDLIWVLTKMQIMVNRYPTWGDTVEVNTWVAKSGKNGMRRDWLISDCNTGEILTRASSVWVMMNQKTRRFSRLPYEVRQELTPHFVDSPHVIEDNDQKLRKFDVKTGDSIRKGLTPRWNDLDVNQHVSNVKYIGWILESMPIEVLETQELCSLTVEYRRECGMDSVLESVTAVDPSENGGRSQYKHLLRLEDGTDIVKSRTEWRPKNAGTNGAISTSTAKTSNGNSVS,2
rTE44,MLPDWSMLLAAITTAFLAAEKQWMMLDRKPKRLDMLEDPFGLGRVVQDGLVFRQNFSIRSYEIGADRTASIETLMNHLQETTINHCKSLGLHNDGFGRTPGMCKNDLIWVLTKMQIMVNRYPTWGDTVEVNTWVAKSGKNGMRRDWLISDCNTGEILTRASSVWVMMNQKTRKLSKIPDEVRREIEPHFVDSAPVIEDDDRKLPKLDEKSADSIRKGLTPRWNDLDVNQHVSNVKYIGWILESMPIEVLETQELCSLTVEYRRECGMDSVLESVTAVDPSENGGRSQYKHLLRLEDGTDIVKSRTEWRPKNAGTNGAISTSTAKTSNGNSVS,2
rTE48,MLPDWSMLLAAITTAFLAAEKQWMMLDRKPKRLDMLEDPFGLGRVVQDGLVFRQNFSIRSYEIGADRTASIETVMNHLQETALNHVKTAGLSNDGFGRTPEMYKRDLIWVVAKMQVMVNRYPTWGDTVEINTWFSQSGKIGMASDWLISDCNTGEILIRATSVWAMMNQKTRRFSRLPYEVRQELTPHFVDSPHVIEDNDQKLRKFDVKTGDSIRKGLTPRWNDLDVNQHVSNVKYIGWILESMPIEVLETQELCSLTVEYRRECGMDSVLESVTAVDPSENGGRSQYKHLLRLEDGTDIVKSRTEWRPKNAGTNGAISTSTAKTSNGNSVS,3
rTE51,MLPDWSMLLAAITTAFLAAEKQWMMLDRKPKRLDMLEDPFGLGRVVQDGLVFRQNFSIRSYEIGADRTASIETVMNHLQETALNHVKTAGLSNDGFGRTPEMYKRDLIWVVAKMQVMVNRYPTWGDTVEINTWFSQSGKIGMASDWLISDCNTGEILIRATSVWAMMNQKTRRFSRLPYEVRQELTPHFVDSPHVIEDNDQKLRKFDVKTGDSIRKGLTPRWNDLDVNQHVNNAKYIGWILESTPPEVLETQELCSLTLEYRRECGRESVLESLTAVDPSGEGYGSQFQHLLRLEDGGEIVKGRTEWRPKNAGINGVVPSEESSPGDYS,3
rTE52,MLPDWSMLLAAITTAFLAAEKQWMMLDRKPKRLDMLEDPFGLGRVVQDGLVFRQNFSIRSYEIGADRTASIETVMNHLQETALNHVKTAGLSNDGFGRTPEMYKRDLIWVVAKMQVMVNRYPTWGDTVEINTWFSQSGKIGMASDWLISDCNTGEILIRATSVWAMMNQKTRKLSKIPDEVRREIEPHFVDSAPVIEDDDRKLPKLDEKSADSIRKGLTPRWNDLDVNQHVSNVKYIGWILESMPIEVLETQELCSLTVEYRRECGMDSVLESVTAVDPSENGGRSQYKHLLRLEDGTDIVKSRTEWRPKNAGTNGAISTSTAKTSNGNSVS,3
rTE56,MLPDWSMLLAAITTAFLAAEKQWMMLDRKPKRLDMLEDPFGLGRVVQDGLVFRQNFSIRSYEIGADRTASIETVMNHLQETALNHVKTAGLSNDGFGRTPEMYKRDLIWVVAKMQVMVNRYPTWGDTVEVNTWVAKSGKNGMRRDWLISDCNTGEILTRASSVWVMMNQKTRRFSRLPYEVRQELTPHFVDSPHVIEDNDQKLRKFDVKTGDSIRKGLTPRWNDLDVNQHVSNVKYIGWILESMPIEVLETQELCSLTVEYRRECGMDSVLESVTAVDPSENGGRSQYKHLLRLEDGTDIVKSRTEWRPKNAGTNGAISTSTAKTSNGNSVS,2
rTE60,MLPDWSMLLAAITTAFLAAEKQWMMLDRKPKRLDMLEDPFGLGRVVQDGLVFRQNFSIRSYEIGADRTASIETVMNHLQETALNHVKTAGLSNDGFGRTPEMYKRDLIWVVAKMQVMVNRYPTWGDTVEVNTWVAKSGKNGMRRDWLISDCNTGEILTRASSVWVMMNQKTRKLSKIPDEVRREIEPHFVDSAPVIEDDDRKLPKLDEKSADSIRKGLTPRWNDLDVNQHVSNVKYIGWILESMPIEVLETQELCSLTVEYRRECGMDSVLESVTAVDPSENGGRSQYKHLLRLEDGTDIVKSRTEWRPKNAGTNGAISTSTAKTSNGNSVS,1
rTE8,MLPDWSMLLTAITTVFVAAEKQWTMLDRKSKRPDMLVDSVGLKSIVRDGLVSRHSFSIRSYEIGADRTASIETLMNHLQETTINHCKSLGLHNDGFGRTPGMCKNDLIWVLTKMQIMVNRYPTWGDTVEVNTWVAKSGKNGMRRDWLISDCNTGEILTRASSVWVMMNQKTRRFSRLPYEVRQELTPHFVDSPHVIEDNDQKLRKFDVKTGDSIRKGLTPRWNDLDVNQHVSNVKYIGWILESMPIEVLETQELCSLTVEYRRECGMDSVLESVTAVDPSENGGRSQYKHLLRLEDGTDIVKSRTEWRPKNAGTNGAISTSTAKTSNGNSVS,3
Sorghum_bicolor_1,MLPDWSMLLAAVTTIFLAAEKQWTLLDWKPKKPDMLVDTFGFGRIIQDGLVFRQNFLIRSYEIGADRTASIETLMNHLQETALNHVKTAGLLGDGFGATPEMSKRNLIWVVSKIQLLVEQYPSWGDMVQVDTWVAAAGKNGMRRDWHVRDYNSGRTILRATSVWVMMNKNTRRLSKMPDEVRAEIGPYFNGRSAITDEQSEKLAKPGSTSDGDTMKQFIRKGLTPRWGDLDVNQHVNNVKYIGWILESAPISILEKHELASMTLDYRKECGRDSVLQSLTTVAGECVDGHADSTIQCDHLLQLESGADIVKAHTEWRPKRAHGGEGNMGFFPAESA,1
Sorghum_bicolor_2,MLPDWSMLLAAITTIFLAAEKQWTMLDWKPRRPDMLTDTFGFGRIIHDGLMFRQNFSIRSYEIGADRTASIETLMNHLQETALNHVKTAGLLGDGFGSTPEMSKRNLFWVVSQMQAIVERYPCWGDTVEVDTWVSANGKNGMRRDWHIRDSITGHTILKATSKWVMMNKLTRKLARIPDEVRTEIEPYFFERSAIVDEDNRKLPKLPDGQSTSAAKYVRTGLTPRWADLDINQHVNNVKYIAWILESAPISILENHELASIVLDYKRECGRDSVLQSHTSVQTDCNSESGETTLHCEHVLSLESGPTMVKARTMWRPKRTKAQETVVPSSF,1
Sorghum_bicolor_4,MAALETSINRSLAELSAPVLPLLPATGGDGDVGGGEERSRQNIPTEKQMVDPFRQALIVEGGVRYQQTLVVRSYEVGPDKTATLETVLNLLQETALNHVWMSGLLGDGFGATHGMIRNNLIWVVSRMHVQVDQYPICTWVMMNKVTRRLSKMPEEVRGEIAPWFIDRHAIQEEAAEKIIKLDSNAMYIHSDLKTLPDHFLQQNQLRSITLEYRKECGSSDVVQSICQPDDDSIPPQENVTMAIGPSLSPEIISGHHSLAGALQQSPMKYTHLLQLKAGDKYEEIVRGRTTWKKKTYNAP,1
"UcFatB1(197M,",MLEWKPKLPQLLDDHFGLHGLVFRRTFAIRSYEVGPDRSTSILAVMNHMQEATLNHAKSVGILGDGFGTTLEMSKRDLMWVVRRTHVAVERYPTWGDTVEVECWIGASGNNGRRHDFLVRDCKTGEILTRCTSLSVLMNTRTRRLSTIPDEVRGEIGPAFIDNVAVKDDEIKKLQKLNDSTADYIQGGLTPRWNDLDVNQHVNNLKYVAWVFETVPDSIFESHHISSFTLEYRRECTRDSVLRSLTTVSGGSSEAGLVCDHLLQLEGGSEVLRARTEWRPKLTDSFRGISVIPAEPRV,2
"UcFatB1(R197M,",MLEWKPKLPQLLDDHFGLHGLVFRRTFAIRSYEVGPDRSTSILAVMNHMQEATLNHAKSVGILGDGFGTTLEMSKRDLMWVVRRTHVAVERYPTWGDTVEVECWIGASGNNGRRHDFLVRDCKTGEILTRCTSLSVLMNTRTRRLSKIPDEVRGEIGPAFIDNVAVKDDEIKKLQKLNDSTADYIQGGLTPRWNDLDVNQHVNNLKYVAWVFETVPDSIFESHHISSFTLEYRRECTRDSVLRSLTTVSGGSSEAGLVCDHLLQLEGGSEVLRARTEWRPKLTDSFRGISVIPAEPRV,1
UcFatB1(T231K),MLEWKPKLPQLLDDHFGLHGLVFRRTFAIRSYEVGPDRSTSILAVMNHMQEATLNHAKSVGILGDGFGTTLEMSKRDLMWVVRRTHVAVERYPTWGDTVEVECWIGASGNNGMRRDFLVRDCKTGEILTRCTSLSVLMNTRTRRLSKIPDEVRGEIGPAFIDNVAVKDDEIKKLQKLNDSTADYIQGGLTPRWNDLDVNQHVNNLKYVAWVFETVPDSIFESHHISSFTLEYRRECTRDSVLRSLTTVSGGSSEAGLVCDHLLQLEGGSEVLRARTEWRPKLTDSFRGISVIPAEPRV,3
Ulmus_americana,MLPDWSMLLAAITTLFLAAEKQWMMLDWKPKRPDMLVDPFGLGRFVQDGLVFRNNFSIRSYEIGADRTASIETLMNHLQETALNHVKSVGLLEDGLGSTREMSLRNLIWVVTKMQVAVDRYPTWGDEVQVSSWATAIGKNGMRREWIVTDFRTGETLLRATSVWVMMNKLTRRISKIPEEVWHEIGPSFIDAPPLPTVEDDGRKLTRFDESSADFIRXGLTPRWSDLDINQHVNNVKYIGWLLESAPPEIHESHEIASLTLEYRRECGRDSVLNSATKVSDSSQLGKSAVECNHLVRLQNGGEIVKGRTVWRPKRPLYNDGAVVDVXAKTS,3
Umbellularia_californica_(UcFatB1),MLEWKPKPKLPQLLDDHFGLHGLVFRRTFAIRSYEVGPDRSTSILAVMNHMQEATLNHAKSVGILGDGFGTTLEMSKRDLMWVVRRTHVAVERYPTWGDTVEVECWIGASGNNGMRRDFLVRDCKTGEILTRCTSLSVLMNTRTRRLSTIPDEVRGEIGPAFIDNVAVKDDEIKKLQKLNDSTADYIQGGLTPRWNDLDVNQHVNNLKYVAWVFETVPDSIFESHHISSFTLEYRRECTRDSVLRSLTTVSGGSSEAGLVCDHLLQLEGGSEVLRARTEWRPKLTDSFRGISVIPAEPRV,3
Umbellularia_californica_(UcFatB2),MLVSKPPQLLDDHLGLHGLVFRRTFAIRCSEVGPDRSTSIVAVMNYLQEAACNHAESLGLLGDGFGETLEMSRRDLIWVVRRTHVVVERYPAWGDTVEVEAWIGAAGNIGMRRHFLVRDCKTGHILARCTSVSVMMNMRTRRLSKIPQEVRGEIDPLFIEKFAVKEGEIKKLQKFNDSTADYIQGGWTPRWNDLDVNQHVNNIKYVGWIFKSVPDSIYENHHLSSITLEYRRECTRGRALQSLTTVCGGSSEAGIICEHLLQLEDGSEVLRGRTDWRPKRTDSFEGISERFPQQEPHN,3
