A._hypogaea_l._(AhFatA),MAVGFGYPMNRVLSVRAIVSDRDGAVVNRVGAEAGTLADRLRLGSLTEDGLSYKEKFIVRSYEVGINKTATVETIANLLQEVGCNHAQSVGYSTDGFATTPTMRKLGLIWVTARMHIEVYKYPAWSDVVEIETWCQGEGRVGIRRDFILKDYATDQVIGRATSKWLMMNQETRRLQKVSDDVREEVLIYCPREPRLAIPEEDSNCLKKIPKLEDPGQYSRLRLMPRRADLDMNQHVNNVTYIGWVLESMPQEIIDSHELHSITLDYRRECQRDDIVDSLTSIEGDGVLLEVNGTNGSSVAWEHGHAYQQFLHLLKLSTDEGLEINRGRTAWRKKASRL,1
Arabidopsis_thaliana,MVATSATSSFFPVPSSSLDPNGKGNKIGSTNLAGLNSTPNSGRMKVKPNAQAPPKINGKRVGLPGSVDIVRTDTETSSHPAPRTFINQLPDWSMLLAAITTIFLAAEKQWMMLDWKPRRSDMLVDPFGIGRIVQDGLVFRQNFSIRSYEIGADRSASIETVMNHLQETALNHVKTAGLLGDGFGSTPEMFKKNLIWVVTRMQVVVDKYPTWGDVVEVDTWVSQSGKNGMRRDWLVRDCNTGETLTRASSVWVMMNKLTRRLSKIPEEVRGEIEPYFVNSDPVLAEDSRKLTKIDDKTADYVRSGLTPRWSDLDVNQHVNNVKYIGWILESAPVGIMERQKLKSMTLEYRRECGRDSVLQSLTAVTGCDIGNLATAGDVECQHLLRLQDGAEVVRGRTEWSSKTPTTTWGTAP,1
Auxenochlorella_protothecoides,MVENKRVFLEEHRIRGNEAGPSQHVTIAAVANILQEAAGNHAVAMWGRSSQGFATDPELVERGLIFVMTRMQIQMHRYPRWGDLVQVETWFQAAGKLGAQREWLLRDKLTGEVLGAATSTWVMINMRTRRPCRMPELVRWKSACFAREPPRLALPSDVTRAKLPAVADPAPLRGNRQVARRADMDMNGHVNNVAYLAWTLEAVPEEVWAGSHLYQVEIDFKAECHAGDVVCSLAQEVPPQEALTHNGAGREPACYVHSLLRGETELVRARTTWRVSDATRGGVAAHGSAAAASNGSAAAASNGSAPHANGNGAH,1
Brassica_juncea_(BjFatB1),MINQLPDWSMLLAAITTVFLAAEKQWMMLDWKPRRSDVIMYPFGLGRIVQDGLVFRQNFSIRSYEIGADRSASIETVMNHLQETALNHVKTAGLLGDGFGSTPEMVKKNLIWVVTRMQVVVDKYPTWGDVVEVDTWVSKSGKNGMRRDWLVRDGNTGQILTRASSVWVMMNKLTRRLSKIPEEVRGEIEPYFVDSDPVLAEDSRMLTKLDDKTADYVRSGLTPRWSDLDVNQHVNNVKYIGWILESAPVGMMESQKLKSMTLEYRRECGRDSVLQSLTAVSGCDIGNLGTAGEVECQHLLRLQDGAEVVRGRTEWSSKTPTTTWDITP,1
Brassica_juncea_(BjFatB2),MINQLPDWSMLLAAITTVFLAAEKQWMMLDWKPRRSDMIMDPFGLGRIVQDGLVFRQNFSIRSYEIGADRSASIETVMNHLQETALNHVKTAGLLGDGFGSTPEMVRKNLIWVVTRMQVVVDKYPTWGDVVEVDTWVSQSGKNGMRRDWLVRDGNTGEILTRASSVWVMMNKLTRRLSKIPEEVRGEIEPYFVDSDPVLAEDSRKLTKLDDKTADYVRSGLTPRWNDLDVNQHVNNVKYIGWILESAPVGMMESQKLKSMTLEYRRECGRDSVLQSLTAVSGCDIGNLGTAGEVECQHLLRLQDGAEVVRGRTEWSSKTPTTTWDITS,1
Brassica_juncea_(BjFatB3),MINQLPDWSMLLAAITTVFLAAEKQWMMLNWKPRRSDMIMDPFGLGRIVQDGLVFRQNFSIRSYEIGADRSASIETVMNHLQETALNHVKTAGLLRDGFGSTPEMVKKNLIWVVTRMQVVVDTYPTWGDVVEVDTWVSKSGKNGMRRDWLVRDGNTGQILTRASSVWVMMNKLTRRLSKIPEEVRGEIEPYFVDSDPVLAEDSRKLTKLDDKTADYVRSGLTPRWSDLDVNQHVNNVNYIGWILESAPVGMMESQKLKSMTLEYRRECGRDSVLQSLTAVSGCDIGNLGTAGEVECQHLLRLQDGAEVVRGRTEWSSKTPTTTWDITS,1
Brassica_juncea_(BjFatB4),MINQLPDWSMLLAAITTVFLAAEKQWMMLDWKPRRSDMIMDPFGLGRIVQDGLVFRQNFSIRSYEIGADRSASIETVMNHLQETALNHVKTAGLLGDGFGSTPEMVKTNLIWVVTRMQVVVDKYPTWGDVVEVDTWVSKSGKNGMRRDWLVRDGNTGQILTRASSVWVMMNKLMRRLSKIPEEVRGEIEPYFVDSDPVLAEDSRKLTKLDDKTADYVRSGLTPRWSDLDVNQHVNNVKYIGWILESAPVGMMESQKLKSMTLEYRRECGRDSVLQSLTAVSGCDIGNLGTAGEVECQHLLRLQDGAEVVRGRTEWSSKTPTTTWDITP,1
Cinnamomum_camphorum,MLEWKPKPNPPQLLDDHFGPHGLVFRRTFAIRSYEVGPDRSTSIVAVMNHLQEAALNHAKSVGILGDGFGTTLEMSKRDLIWVVKRTHVAVERYPAWGDTVEVECWVGASGNNGRRHDFLVRDCKTGEILTRCTSLSVMMNTRTRRLSKIPEEVRGEIGPAFIDNVAVKDEEIKKPQKLNDSTADYIQGGLTPRWNDLDINQHVNNIKYVDWILETVPDSIFESHHISSFTIEYRRECTMDSVLQSLTTVSGGSSEAGLVCEHLLQLEGGSEVLRAKTEWRPKLTDSFRGISVIPAESSV,2
Cocos_nucifera_(CnFatB1),MLPDWSVLLAAVTTIFLAAEKQWTLLDWKPRRPDMLTDAFSLGKIVQDGLIFRQNFSIRSYEIGADRTASIETLMNHLQETALNHVRNAGLLGDGFGATPEMSKRNLIWVVTKMQVLVEHYPSWGDVVEVDTWVGASGKNGMRRDWHVRDYRTGQTILRATSVWVMMNKHTRKLSKMPEEVRAEIGPYFVEHAAIVDEDSRKLPKLDDDTADYIKWGLTPRWSDLDVNQHVNNVKYIGWILESAPISILENHELASMTLEYRRECGRDSVLQSLTAISNDCTGGLPEASIECQHLLQLECGAEIVRGRTQWRPRRASGPTSAGSA,2
Cocos_nucifera_(CnFatB2),MLPDWSVLLAAVTTIFLAAEKQWTLLDWKPRRPDMLADAFGLGKIVQDGLVFKQNFSIRSYEIGADRTASIETLMNHLQETALNHVKSAGLMGDGFGATPEMSKRNLIWVVTKMRVLIERYPSWGDVVEVDTWVGPTGKNGMRRDWHVRDHRSGQTILRATSVWVMMNKNTRKLSKVPEEVRAEIGPYFVERAAIVDEDSRKLPKLDEDTTDYIKKGLTPRWGDLDVNQHVNNVKYIGWILESAPISILENHELASMSLEYRRECGRDSVLQSLTAVSNDLTDGLVESGIECQHLLQLECGTELVKGRTEWRPKHSPALGNMGPTPGGSA,1
Cocos_nucifera_(CnFatB3),MLPDWSMLLAAIRTIFSAAEKQWTLLDSKKRGADAVADASGVGKMVKNGLVYRQNFSIRSYEIGVDKRASVEALMNHFQETSLNHCKCIGLMHGGFGCTPEMTRRNLIWVVAKMLVHVERYPWWGDVVQINTWISSSGKNGMGRDWHVHDCQTGLPIMRGTSVWVMMDKHTRRLSKLPEEVRAEITPFFSERDAVLDDNGRKLPKFDDDSAAHVRRGLTPRWHDFDVNQHVNNVKYVGWILESVPVWMLDGYEVATMSLEYRRECRMDSVVQSLTAVSSDHADGSPIVCQHLLRLEDGTEIVRGQTEWRPKQQARDLGNMGLHPTESK,2
Cuphea_aequipetala_(Ca1FatB1),MANGSAVSLKSGSIETQEDKTSSSSPPPRTFINQLPVWSMLLSAVTTVFGVAEKQWPMLDRKSKRPDMLMEPLGVDRIVYDGVSFRQSFSIRSYEIGADRTASIETLMNMFQETSLNHCKIIGLLNDGFGRTPEMCKRDLIWVVTKMQIEVNRYPTWGDTIEVNTWVSASGKHGMGRDWLISDCHTGEILIRATSVWAMMNQKTRRLSKIPYEVRQEIEPQFVDSAPVIEDDRKLHKLDLKTGISICNGLTPRWTDLDVNQHVNNVKYIGWILQSVPTEVFEKQELCGLTLEYRRECGRDSVLESVTAMDPSKEGDRSLYQHLLRLEDGADIVKGRTEWRPKNAGANGAISTGKTSNGNSIS,1
Cuphea_aequipetala_(Ca1FatB2),MANGSAVTLKSGSLNTQEDTLSSSPPPRAFFNQLPDWSMLLTAITTVFVAPEKRWTMFDRKSKRPNMLMDSFGLERVVQDGLVFRQSFSIRSYEICADRTASLETVMNHVQETSLNQCKSIGLLDDGFGRSPEMCKRDLIWVVTRMKIMVNRYPTWGDTIEVSTWLSQSGKIGMGRDWLISDCSTGEILVRATSVYAMMNQKTRRFSKLPHEVRQEFAPHFLDSPPAIEDNDGKLQKFDVKTGDSIRKGLTPGWYDLDVNQHVSNVKYIGWILESMPTEVLETQELCSLTLEYRRECGRDSVLESVTSMDPSKVGDRFQYRHLLRLEDGADIMKGRTEWRPKNAGTNGVISTGKT,3
Cuphea_avigera_(Ca2FatB2),MANGSAVSLKSGSLNTQEDTSSSPPPRTFLHQLPDWSRLLTAITTVFVKSKRPDMHDRKSKRPDMLMDSFGLESIVQEGLEFRQSFSIRSYEIGTDRTASIETLMNYLQETSLNHCKSTGILLDGFGRTPEMCKRDLIWVVTKMKIKVNRYPAWGDTVEINTWFSRLGKIGKGRDWLISDCNTGEILIRATSAYATMNQKTRRLSKLPYEVHQEIAPLFVDSPPVIEDNDLKLHKFEVKTGDSIHKGLTPGWNDLDVNQHVSNVKYIGWILESMPTEVLETQELCSLALEYRRECGRDSVLESVTAMDPTKVGGRSQYQHLLRLEDGTDIVKCRTEWRPKNPGANGAISTGKTSNGNSVS,3
Cuphea_carthagenesis_(CcFatB),MANGSAVSLKSGSLNTQEDTSSSPPPRAFINQLPDWSMLLTAITTVFVAAEKQWTMLDRKSKRSDMLVDSFGMERIVQDGLVFRQSFSIRSYEIGADRRASIETLMNHLQETSLNHCKSIRLLNEGFGRTPEMCKRDLIWVVTRMHIMVNRYPTWGDTVEINTWVSQSGKNGMGRDWLISDCNTGEILIRATSAWAMMNQKTRRLSKLPYEVSQEIAPHFVDSPPVIEDGDRKLHKFDVKTGDSIRKGLTPRWNDLDVNQHVNNVKYIGWILESMPTEVLETHELCFLTLEYRRECGRDSVLESVTAMDPSNEGGRSHYQHLLRLEDGTDIVKGRTEWRPKNARNIGAISTGKTSNGNPAS,2
Cuphea_decandra_(Cd1FatB1),MGINGSSVGLKSGSLKTQEDTPSSPPPRTFINQLPDWSMLLAAITTVFLAAEKQWMMLDWKPKRPDMLVDPFGLGRIVQDGLVFRQNFSIRSYEIGADRTASIETLMNHLQETALNHVKSAGLLNDGFGRTPEMYKRDLIWVVAKMQVMVNRYPTWGDTVEVNTWVAKSGKNGMRRDWLISDCNTGEILTRASSVWVMMNQKTRRLSKIPDEVRHEIEPHFVDSPPVIEDDDRKLPKLDEKTADSIRKGLTPRWNDLDVNQHVNNVKYIGWILESTPQEVLETQELCSLTLEYRRECGRDSVLESLTAVDHSGKGSGSNFQHLLRLEDGGEIVKGRTEWRPKNAVINGAVAPGETSPGNSVS,1
Cuphea_hookeriana(short)_(ChFatB2),MLPDWSRLLTAITTVFVKSKRPDMHDRKSKRPDMLVDSFGLESTVQDGLVFRQSFSIRSYEIGTDRTASIETLMNHLQETSLNHCKSTGILLDGFGRTLEMCKRDLIWVVIKMQIKVNRYPAWGDTVEINTRFSRLGKIGMGRDWLISDCNTGEILVRATSAYAMMNQKTRRLSKLPYEVHQEIVPLFVDSPVIEDSDLKVHKFKVKTGDSIQKGLTPGWNDLDVNQHVSNVKYIGWILESMPTEVLETQELCSLALEYRRECGRDSVLESVTAMDPSKVGVRSQYQHLLRLEDGTAIVNGATEWRPKNAGANGAISTGKTSNGNSVS,3
Cuphea_hookeriana_(ChFatB1),MPVGLKSGGLKTQEDAHSAPPPRTFINQLPDWSMLLAAITTVFLAAEKQWMMLDWKPKRPDMLVDPFGLGSIVQDGLVFRQNFSIRSYEIGADRTASIETVMNHLQETALNHVKIAGLSNDGFGRTPEMYKRDLIWVVAKMQVMVNRYPTWGDTVEVNTWVAKSGKNGMRRDWLISDCNTGEILTRASSVWVMMNQKTRRLSKIPDEVRNEIEPHFVDSPPVIEDDDRKLPKLDEKTADSIRKGLTPRWNDLDVNQHVNNVKYIGWILESTPPEVLETQELCSLTLEYRRECGRESVLESLTAMDPSGGGYGSQFQHLLRLEDGGEIVKGRTEWRPKNGVINGVVPTGESSPGDYS,1
Cuphea_leptopoda_(Cl1FatB1),MANGSAVSLKSDTLETQEDTSSSSPPPRTFINQLPDWSMLLSAFTNVFVAAEKQWTMLDRKYKRPDMLVESSGVDRTDLDGVLFRQSFSIRSYEIGADRTASIETLMNIFQETSLNHCKSNGLLNDGFGRTPEMCKRDLIWVVTKMQIEVNRYPTWGDNIEVTTWVSESGKNGMGRHWLISDCHTGEILIRATRRVAMMNQKTRRLSKLPYEVRQEIAPHFVDSAHVIEDDRKLHKLEVKTGDSIRNGLTPRWNDLDVNQHVNNVKYIGWILKSVPTEVFVTQELCGLTLEYRRECRRDSVLESVTAMDPSKEGDRSLYQHLLRLENGADIALGRTEWRPKNAGANGAISTGKTSNGNS,1
Cuphea_leptopoda_(Cl2FatB2),MANGSAVNLKSGSLNTQEDSSSSPSPRAFLNQLPDWSVLLTAITTVFVAAEKQWTMLDRKSKRPDVLVDSVGLKSIVRDGLVSRQSFSIRSYEIGADRTASIETLMNHLQETSINHCKSLGLLNDGFGRTPGMCKNDLIWVLTKMQIMVNRYPAWGDTVEINTWFSQSGKIGMGSDWLISDCNTGEILIRATSVWAMMNQKTRRFSRLPYEVRQELTPHFVDSPHVIEDNDRKLHKFDVKTGDSIRKGLTPRWNDLDVNQHVSNVKYIGWILESMPIEVLETQELCSLTVEYRRECGMDSVLESVTAMDPSEDGGRSQYNHLLRLEDGTDVVKGRTEWRPKNAGTNGAISTTKTSPGNSVS,3
Cuphea_leptopoda_(Cl3FatB1),MGINGSSVGLKSGSLKTQEDTPSAPPPRTFINQLPDWSMLLAAITTVFLAAEKQWMMLDWKPKRPDMLVDPFGLGSIVQNGLVFRQNFSIRSYEIGADRTASIETVMNHLQETALNHVKSAGLLNDGFGRTPEMYKRDLIWVVAKMQVMVNRYPTWGDTVEVNTWVAKSGKNGMRRDWLISDCNTGEILTRASSVWVMMNQKTRRLSKIPDEVRHEIEPHFVDSAPVIEDDDRKLPKLDENTADSIRKGLTPKWNDLDVNQHVNNVKYIGWILESTPQEVLETQELCSLTLEYRRECGRESVLESLTAVDPSEKGFGSQFQHLLRLEDGGEIVKGRTEWRPKTAGINGAIASRETSPGDF,1
Cuphea_leptopoda_(Cl4FatB1),MANGAAVNLKSGSLNTQEDTSSSPPPRAFLNQLPDWSMLLTAITTVFVAAEKQWTMLDRKSKRPDMLVDSVGLKNIVRDGLVSRQSFSIRSYEIGADRTASIETLMNHLQETSINHCKSLGLLNDGFGRTPGMCKNDLIWVLTKMQILVNRYPAWGDTVEINTWFSQSGKIGMGSDWLISDCNTGEILIRATSVWAMMNQKTRRFSRLPYEVRQELTPHFVDSPHVIEDNDRKLHKFDVKTGDSIRKGLTPRWNDLDVNQHVSNVKYIGWILESMPIEVLETQELCSLTVEYRRECGMDSVLESVTARDPSEDGGRSQYNHLLRLEDGTDVVKGRTEWRSKNAGTNGATSTAKTSNGNSVS,3
Cuphea_palustris(long)_(CpFatB2),MLLSAVTTVFGVAEKQWPMLDRKSKRPDMLVEPLGVDRIVYDGVSFRQSFSIRSYEIGADRTASIETLMNMFQETSLNHCKIIGLLNDGFGRTPEMCKRDLIWVVTKMQIEVNRYPTWGDTIEVNTWVSASGKHGMGRDWLISDCHTGEILIRATSVWAMMNQKTRRLSKIPYEVRQEIEPQFVDSAPVIVDDRKFHKLDLKTGDSICNGLTPRWTDLDVNQHVNNVKYIGWILQSVPTEVFETQELCGLTLEYRRECGRDSVLESVTAMDPSKEGDRSLYQHLLRLEDGADIVKGRTEWRPKNAGAKGAILTGKTSNGNSIS,1
Cuphea_palustris_(CpFatB1),MLLTAITTVFVAPEKRWTMFDRKSKRPNMLMDSFGLERVVQDGLVFRQSFSIRSYEICADRTASIETVMNHVQETSLNQCKSIGLLDDGFGRSPEMCKRDLIWVVTRMKIMVNRYPTWGDTIEVSTWLSQSGKIGMGRDWLISDCNTGEILVRATSVYAMMNQKTRRFSKLPHEVRQEFAPHFLDSPPAIEDNDGKLQKFDVKTGDSIRKGLTPGWYDLDVNQHVSNVKYIGWILESMPTEVLETQELCSLTLEYRRECGRDSVLESVTSMDPSKVGDRFQYRHLLRLEDGADIMKGRTEWRPKNAGTNGAISTGKT,3
Cuphea_paucipetala_(Cp1FatB1),MANGSAVSLKDGSLETQEGTSSSSHPPRTFINQLPDWSMLLSAITTVFVAAEKQWTMLDRKSKRPDMLVEPFVQDGVSFRQSFSIRSYEIGADRTASIETLMNIFQETSLNHCKSLGLLNDGFGRTPEMCKRDLIWVVTKMQIEVNRYPTWGDTIEVTTWVSESGKNGMSRDWLISDCHTGEILIRATSVWAMMNQKTRRLSKIPDEVRQEIVPYFVDSAPVIEDDRKLHKLDVKTGDSIRNGLTPRWNDLDVNQHVNNVKYIGWILKSVPTEVFVTQELCGLTLEYRRECRRDSVLESVTAMDPSKEGDRSLYQHLLRLENGADIALGRTEWRPKNAGTNGAISTTKTSPGNSVS,1
Cuphea_viscosissima_(CvFatB1),MLPDWSMLLTAITTVFVAAEKQWTMLDRKSKRPDMLVDSVGLKSIVRDGLVSRHSFSIRSYEIGADRTASIETLMNHLQETTINHCKSLGLHNDGFGRTPGMCKNDLIWVLTKMQIMVNRYPTWGDTVEINTWFSQSGKIGMASDWLISDCNTGEILIRATSVWAMMNQKTRRFSRLPYEVRQELTPHFVDSPHVIEDNDQKLRKFDVKTGDSIRKGLTPRWNDLDVNQHVSNVKYIGWILESMPIEVLETQELCSLTVEYRRECGMDSVLESVTAVDPSENGGRSQYKHLLRLEDGTDIVKSRTEWRPKNAGTNGAISTSTAKTSNGNSVS,3
Cuphea_viscosissima_(CvFatB2),MLPDWSMLLAAITTAFLAAEKQWMMLDRKPKRLDMLEDPFGLGRVVQDGLVFRQNFSIRSYEIGADRTASIETVMNHLQETALNHVKTAGLSNDGFGRTPEMYKRDLIWVVAKMQVMVNRYPTWGDTVEVNTWVAKSGKNGMRRDWLISDCNTGEILTRASSVWVMMNQKTRKLSKIPDEVRREIEPHFVDSAPVIEDDDRKLPKLDEKSADSIRKGLTPRWNDLDVNQHVNNAKYIGWILESTPPEVLETQELCSLTLEYRRECGRESVLESLTAVDPSGEGYGSQFQHLLRLEDGGEIVKGRTEWRPKNAGINGVVPSEESSPGDYS,1
Cuphea_viscosissima_(CvFatB3),MLPDWSMLVSAITTVFVAAEKQWTMLDRKSKRPDVLVEPFVQDGVSFRQSFSIRSYEIGVDRTASIETLMNIFQETSLNHCKSLGLLNDGFGRTPEMCKRDLIWVVTKMQIEVNRYPTWGDTIEVTTWVSESGKNGMSRDWLISDCHSGEILIRATSVWAMMNQKTRRLSKIPDEVRQEIVPYFVDSAPVIEDDRKLHKLDVKTGDSIRNGLTPRWNDFDVNQHVNNVKYIAWLLKSVPTEVFETQELCGLTLEYRRECRRDSVLESVTAMDPSKEGDRSLYQHLLRLENGADIALGRTEWRPKNAGATGAVSTGKTSNGNSVS,1
Cuphea_viscosisssima_(CvB2MT1,MTAASSAFFPVPSADTSSRPGKLGNGPSSFSPLKPKSIPNGGLQVKASASAPPKINGSSVGLKSGGLKTHDDAPSAPPPRTFINQLPDWSMLLAAITTAFLAAEKQWMMLDRKPKRLDMLEDPFGLGRVVQDGLVFRQNFSIRSYEIGADRTASIETVMNHLQETALNHVKTAGLSNDGFGRTPEMYKRDLIWVFAKMQVMVNRYPTWGDTVEVNTWVAKSGKNGMRRDWLISDCNTGEILTRASSVWVMMNQKTRKLSKIPDEVRREIEPHFVDSAPVIEDDDRKLPKLDEKSADSIRKGLTPRWNDLDVNQHVNNAKYIGWILESTPPEVLETQELCSLTLEYRRECGRESVLESLTAVDPSGEGYGSQFQHLLRLEDGGEIVKGRTEWRPKNAGIN,3
Cuphea_viscosisssima_(CvB2MT10,MTAASSAFFPVPSADTSSRPGKLGNGPSSFSPLKPKSIPNGGLQVKASASAPPKINGSSVGLKSGGLKTHDDAPSAPPPRTFINQLPDWSMLLAAITTAFLAAEKQWMMLDRKPKRLDMLEDPFGLGRVVQDGLVFRQNFSIRSYEIGADRTASIETVMNHLQETALNHVKTAGLSNDGFGRTPEMYKRDLIWVVAKMQVMVNRYPTWGDTVEVNTWFAKSGKIGMRRDWLISDCNTGEILTRASSVWVMMNQKTRKLSKIPDEVRREIEPHFVDSAPVIEDDDRKLPKLDEKSADSIRKGLTPRWNDLDVNQHVNNAKYIGWILESTPPEVLETQELCSLTLEYRRECGRESVLESLTAVDPSGEGYGSQFQHLLRLEDGGEIVKGRTEWRPKNAGIN,3
Cuphea_viscosisssima_(CvB2MT11,MTAASSAFFPVPSADTSSRPGKLGNGPSSFSPLKPKSIPNGGLQVKASASAPPKINGSSVGLKSGGLKTHDDAPSAPPPRTFINQLPDWSMLLAAITTAFLAAEKQWMMLDRKPKRLDMLEDPFGLGRVVQDGLVFRQNFSIRSYEIGADRTASIETVMNHLQETALNHVKTAGLSNDGFGRTPEMYKRDLIWVVAKMQVMVNRYPTWGDTVEVNTWVAKSGKNGMRRDWLISDCNTGEILTRASSVWVMMNQKTRKLSKIPDEVRREIEPHFVDSAPVIEDNDRKLPKFDEKSADSIRKGLTPRWNDLDVNQHVNNAKYIGWILESTPPEVLETQELCSLTLEYRRECGRESVLESLTAVDPSGEGYGSQFQHLLRLEDGGEIVKGRTEWRPKNAGIN,2
Cuphea_viscosisssima_(CvB2MT12,MTAASSAFFPVPSADTSSRPGKLGNGPSSFSPLKPKSIPNGGLQVKASASAPPKINGSSVGLKSGGLKTHDDAPSAPPPRTFINQLPDWSMLLAAITTAFLAAEKQWMMLDRKPKRLDMLEDPFGLGRVVQDGLVFRQNFSIRSYEIGADRTASIETVMNHLQETALNHVKTAGLSNDGFGRTPEMYKRDLIWVVAKMQVMVNRYPTWGDTVEVNTWFAKSGKNGMRRDWLISDCNTGEILTRASSVWVMMNQKTRKFSKIPDEVRREIEPHFVDSAPVIEDDDRKLPKLDEKSADSIRKGLTPRWNDLDVNQHVNNAKYIGWILESTPPEVLETQELCSLTLEYRRECGRESVLESLTAVDPSGEGYGSQFQHLLRLEDGGEIVKGRTEWRPKNAGIN,3
Cuphea_viscosisssima_(CvB2MT13,MTAASSAFFPVPSADTSSRPGKLGNGPSSFSPLKPKSIPNGGLQVKASASAPPKINGSSVGLKSGGLKTHDDAPSAPPPRTFINQLPDWSMLLAAITTAFLAAEKQWMMLDRKPKRLDMLEDPFGLGRVVQDGLVFRQNFSIRSYEIGADRTASIETVMNHLQETALNHVKTAGLSNDGFGRTPEMYKRDLIWVVAKMQVMVNRYPTWGDTVEVNTWVAKSGKIGMRRDWLISDCNTGEILTRASSVWVMMNQKTRKLSKLPDEVRREIEPHFVDSAPVIEDDDRKLPKLDEKSADSIRKGLTPRWNDLDVNQHVNNAKYIGWILESTPPEVLETQELCSLTLEYRRECGRESVLESLTAVDPSGEGYGSQFQHLLRLEDGGEIVKGRTEWRPKNAGIN,2
Cuphea_viscosisssima_(CvB2MT14,MTAASSAFFPVPSADTSSRPGKLGNGPSSFSPLKPKSIPNGGLQVKASASAPPKINGSSVGLKSGGLKTHDDAPSAPPPRTFINQLPDWSMLLAAITTAFLAAEKQWMMLDRKPKRLDMLEDPFGLGRVVQDGLVFRQNFSIRSYEIGADRTASIETVMNHLQETALNHVKTAGLSNDGFGRTPEMYKRDLIWVVAKMQVMVNRYPTWGDTVEVNTWVAKSGKNGMRRDWLISDCNTGEILTRASSVWVMMNQKTRKLSKIPDEVRREIEPHFVDSPPVIEDNDRKLPKFDEKSADSIRKGLTPRWNDLDVNQHVNNAKYIGWILESTPPEVLETQELCSLTLEYRRECGRESVLESLTAVDPSGEGYGSQFQHLLRLEDGGEIVKGRTEWRPKNAGIN,1
Cuphea_viscosisssima_(CvB2MT15,MTAASSAFFPVPSADTSSRPGKLGNGPSSFSPLKPKSIPNGGLQVKASASAPPKINGSSVGLKSGGLKTHDDAPSAPPPRTFINQLPDWSMLLAAITTAFLAAEKQWMMLDRKPKRLDMLEDPFGLGRVVQDGLVFRQNFSIRSYEIGADRTASIETVMNHLQETALNHVKTAGLSNDGFGRTPEMYKRDLIWVVAKMQVMVNRYPTWGDTVEVNTWFAKSGKIGMRRDWLISDCNTGEILTRASSVWVMMNQKTRKFSKIPDEVRREIEPHFVDSAPVIEDDDRKLPKLDEKSADSIRKGLTPRWNDLDVNQHVNNAKYIGWILESTPPEVLETQELCSLTLEYRRECGRESVLESLTAVDPSGEGYGSQFQHLLRLEDGGEIVKGRTEWRPKNAGIN,3
Cuphea_viscosisssima_(CvB2MT16,MTAASSAFFPVPSADTSSRPGKLGNGPSSFSPLKPKSIPNGGLQVKASASAPPKINGSSVGLKSGGLKTHDDAPSAPPPRTFINQLPDWSMLLAAITTAFLAAEKQWMMLDRKPKRLDMLEDPFGLGRVVQDGLVFRQNFSIRSYEIGADRTASIETVMNHLQETALNHVKTAGLSNDGFGRTPEMYKRDLIWVVAKMQVMVNRYPTWGDTVEVNTWFAKSGKIGMRRDWLISDCNTGEILTRASSVWVMMNQKTRKLSKLPDEVRREIEPHFVDSAPVIEDDDRKLPKLDEKSADSIRKGLTPRWNDLDVNQHVNNAKYIGWILESTPPEVLETQELCSLTLEYRRECGRESVLESLTAVDPSGEGYGSQFQHLLRLEDGGEIVKGRTEWRPKNAGIN,2
Cuphea_viscosisssima_(CvB2MT17),MTAASSAFFPVPSADTSSRPGKLGNGPSSFSPLKPKSIPNGGLQVKASASAPPKINGSSVGLKSGGLKTHDDAPSAPPPRTFINQLPDWSMLLAAITTAFLAAEKQWMMLDRKPKRLDMLEDPFGLGRVVQDGLVFRQNFSIRSYEIGADRTASIETVMNHLQETALNHVKTAGLSNDGFGRTPEMYKRDLIWVVAKMQVMVNRYPTWGDTVEVNTWVAKSGKNGMRRDWLISDCNTGEILTRASSVWVMMNQKTRKLSKIPDEVRREFEPHFVDSPPVIEDNDRKLPKFDEKSADSIRKGLTPRWNDLDVNQHVNNAKYIGWILESTPPEVLETQELCSLTLEYRRECGRESVLESLTAVDPSGEGYGSQFQHLLRLEDGGEIVKGRTEWRPKNAGIN,3
Cuphea_viscosisssima_(CvB2MT18,MTAASSAFFPVPSADTSSRPGKLGNGPSSFSPLKPKSIPNGGLQVKASASAPPKINGSSVGLKSGGLKTHDDAPSAPPPRTFINQLPDWSMLLAAITTAFLAAEKQWMMLDRKPKRLDMLEDPFGLGRVVQDGLVFRQNFSIRSYEIGADRTASIETVMNHLQETALNHVKTAGLSNDGFGRTPEMYKRDLIWVVAKMQVMVNRYPTWGDTVEVNTWFAKSGKIGMRRDWLISDCNTGEILTRASSVWVMMNQKTRKFSKLPDEVRREIEPHFVDSAPVIEDDDRKLPKLDEKSADSIRKGLTPRWNDLDVNQHVNNAKYIGWILESTPPEVLETQELCSLTLEYRRECGRESVLESLTAVDPSGEGYGSQFQHLLRLEDGGEIVKGRTEWRPKNAGIN,3
Cuphea_viscosisssima_(CvB2MT19,MTAASSAFFPVPSADTSSRPGKLGNGPSSFSPLKPKSIPNGGLQVKASASAPPKINGSSVGLKSGGLKTHDDAPSAPPPRTFINQLPDWSMLLAAITTAFLAAEKQWMMLDRKPKRLDMLEDPFGLGRVVQDGLVFRQNFSIRSYEIGADRTASIETVMNHLQETALNHVKTAGLSNDGFGRTPEMYKRDLIWVVAKMQVMVNRYPTWGDTVEVNTWFSQSGKIGMRRDWLISDCNTGEILTRASSVWVMMNQKTRKLSKIPDEVRREIEPHFVDSAPVIEDDDRKLPKLDEKSADSIRKGLTPRWNDLDVNQHVNNAKYIGWILESTPPEVLETQELCSLTLEYRRECGRESVLESLTAVDPSGEGYGSQFQHLLRLEDGGEIVKGRTEWRPKNAGIN,3
Cuphea_viscosisssima_(CvB2MT2,MTAASSAFFPVPSADTSSRPGKLGNGPSSFSPLKPKSIPNGGLQVKASASAPPKINGSSVGLKSGGLKTHDDAPSAPPPRTFINQLPDWSMLLAAITTAFLAAEKQWMMLDRKPKRLDMLEDPFGLGRVVQDGLVFRQNFSIRSYEIGADRTASIETVMNHLQETALNHVKTAGLSNDGFGRTPEMYKRDLIWVVAKMQVMVNRYPTWGDTVEVNTWFAKSGKNGMRRDWLISDCNTGEILTRASSVWVMMNQKTRKLSKIPDEVRREIEPHFVDSAPVIEDDDRKLPKLDEKSADSIRKGLTPRWNDLDVNQHVNNAKYIGWILESTPPEVLETQELCSLTLEYRRECGRESVLESLTAVDPSGEGYGSQFQHLLRLEDGGEIVKGRTEWRPKNAGIN,2
Cuphea_viscosisssima_(CvB2MT20,MTAASSAFFPVPSADTSSRPGKLGNGPSSFSPLKPKSIPNGGLQVKASASAPPKINGSSVGLKSGGLKTHDDAPSAPPPRTFINQLPDWSMLLAAITTAFLAAEKQWMMLDRKPKRLDMLEDPFGLGRVVQDGLVFRQNFSIRSYEIGADRTASIETVMNHLQETALNHVKTAGLSNDGFGRTPEMYKRDLIWVVAKMQVMVNRYPTWGDTVEVNTWFAKSGKIGMASDWLISDCNTGEILTRASSVWVMMNQKTRKLSKIPDEVRREIEPHFVDSAPVIEDDDRKLPKLDEKSADSIRKGLTPRWNDLDVNQHVNNAKYIGWILESTPPEVLETQELCSLTLEYRRECGRESVLESLTAVDPSGEGYGSQFQHLLRLEDGGEIVKGRTEWRPKNAGIN,3
Cuphea_viscosisssima_(CvB2MT21,MTAASSAFFPVPSADTSSRPGKLGNGPSSFSPLKPKSIPNGGLQVKASASAPPKINGSSVGLKSGGLKTHDDAPSAPPPRTFINQLPDWSMLLAAITTAFLAAEKQWMMLDRKPKRLDMLEDPFGLGRVVQDGLVFRQNFSIRSYEIGADRTASIETVMNHLQETALNHVKTAGLSNDGFGRTPEMYKRDLIWVVAKMQVMVNRYPTWGDTVEVNTWVAKSGKIGMRRDWLISDCNTGEILTRASSVWVMMNQKTRKLSKIPDEVRREIEPHFVDSPPVIEDNDRKLPKFDEKSADSIRKGLTPRWNDLDVNQHVNNAKYIGWILESTPPEVLETQELCSLTLEYRRECGRESVLESLTAVDPSGEGYGSQFQHLLRLEDGGEIVKGRTEWRPKNAGIN,2
Cuphea_viscosisssima_(CvB2MT22,MTAASSAFFPVPSADTSSRPGKLGNGPSSFSPLKPKSIPNGGLQVKASASAPPKINGSSVGLKSGGLKTHDDAPSAPPPRTFINQLPDWSMLLAAITTAFLAAEKQWMMLDRKPKRLDMLEDPFGLGRVVQDGLVFRQNFSIRSYEIGADRTASIETVMNHLQETALNHVKTAGLSNDGFGRTPEMYKRDLIWVVAKMQVMVNRYPTWGDTVEVNTWFAKSGKNGMRRDWLISDCNTGEILTRASSVWVMMNQKTRKLSKIPDEVRREIEPHFVDSPPVIEDNDRKLPKFDEKSADSIRKGLTPRWNDLDVNQHVNNAKYIGWILESTPPEVLETQELCSLTLEYRRECGRESVLESLTAVDPSGEGYGSQFQHLLRLEDGGEIVKGRTEWRPKNAGIN,3
Cuphea_viscosisssima_(CvB2MT23,MTAASSAFFPVPSADTSSRPGKLGNGPSSFSPLKPKSIPNGGLQVKASASAPPKINGSSVGLKSGGLKTHDDAPSAPPPRTFINQLPDWSMLLAAITTAFLAAEKQWMMLDRKPKRLDMLEDPFGLGRVVQDGLVFRQNFSIRSYEIGADRTASIETVMNHLQETALNHVKTAGLSNDGFGRTPEMYKRDLIWVVAKMQVMVNRYPTWGDTVEVNTWVAKSGKNGMRRDWLISDCNTGEILTRASSVWVMMNQKTRKFSKIPDEVRREIEPHFVDSPPVIEDNDRKLPKFDEKSADSIRKGLTPRWNDLDVNQHVNNAKYIGWILESTPPEVLETQELCSLTLEYRRECGRESVLESLTAVDPSGEGYGSQFQHLLRLEDGGEIVKGRTEWRPKNAGIN,1
Cuphea_viscosisssima_(CvB2MT24,MTAASSAFFPVPSADTSSRPGKLGNGPSSFSPLKPKSIPNGGLQVKASASAPPKINGSSVGLKSGGLKTHDDAPSAPPPRTFINQLPDWSMLLAAITTAFLAAEKQWMMLDRKPKRLDMLEDPFGLGRVVQDGLVFRQNFSIRSYEIGADRTASIETVMNHLQETALNHVKTAGLSNDGFGRTPEMYKRDLIWVVAKMQVMVNRYPTWGDTVEVNTWVAKSGKNGMRRDWLISDCNTGEILTRASSVWVMMNQKTRKLSKLPDEVRREIEPHFVDSPPVIEDNDRKLPKFDEKSADSIRKGLTPRWNDLDVNQHVNNAKYIGWILESTPPEVLETQELCSLTLEYRRECGRESVLESLTAVDPSGEGYGSQFQHLLRLEDGGEIVKGRTEWRPKNAGIN,1
Cuphea_viscosisssima_(CvB2MT25),MTAASSAFFPVPSADTSSRPGKLGNGPSSFSPLKPKSIPNGGLQVKASASAPPKINGSSVGLKSGGLKTHDDAPSAPPPRTFINQLPDWSMLLAAITTAFLAAEKQWMMLDRKPKRLDMLEDPFGLGRVVQDGLVFRQNFSIRSYEIGADRTASIETVMNHLQETALNHVKTAGLSNDGFGRTPEMYKRDLIWVVAKMQVMVNRYPTWGDTVEVNTWFAKSGKIGMRRDWLISDCNTGEILTRASSVWVMMNQKTRKFSKLPDEVRREFEPHFVDSAPVIEDDDRKLPKLDEKSADSIRKGLTPRWNDLDVNQHVNNAKYIGWILESTPPEVLETQELCSLTLEYRRECGRESVLESLTAVDPSGEGYGSQFQHLLRLEDGGEIVKGRTEWRPKNAGIN,3
Cuphea_viscosisssima_(CvB2MT26,MTAASSAFFPVPSADTSSRPGKLGNGPSSFSPLKPKSIPNGGLQVKASASAPPKINGSSVGLKSGGLKTHDDAPSAPPPRTFINQLPDWSMLLAAITTAFLAAEKQWMMLDRKPKRLDMLEDPFGLGRVVQDGLVFRQNFSIRSYEIGADRTASIETVMNHLQETALNHVKTAGLSNDGFGRTPEMYKRDLIWVFAKMQVMVNRYPTWGDTVEVNTWFAKSGKIGMRRDWLISDCNTGEILTRASSVWVMMNQKTRKFSKLPDEVRREIEPHFVDSAPVIEDDDRKLPKLDEKSADSIRKGLTPRWNDLDVNQHVNNAKYIGWILESTPPEVLETQELCSLTLEYRRECGRESVLESLTAVDPSGEGYGSQFQHLLRLEDGGEIVKGRTEWRPKNAGIN,3
Cuphea_viscosisssima_(CvB2MT27,MTAASSAFFPVPSADTSSRPGKLGNGPSSFSPLKPKSIPNGGLQVKASASAPPKINGSSVGLKSGGLKTHDDAPSAPPPRTFINQLPDWSMLLAAITTAFLAAEKQWMMLDRKPKRLDMLEDPFGLGRVVQDGLVFRQNFSIRSYEIGADRTASIETVMNHLQETALNHVKTAGLSNDGFGRTPEMYKRDLIWVVAKMQVMVNRYPTWGDTVEVNTWFAKSGKIGMRRDWLISDCNTGEILTRASSVWVMMNQKTRKLSKIPDEVRREIEPHFVDSPPVIEDNDRKLPKFDEKSADSIRKGLTPRWNDLDVNQHVNNAKYIGWILESTPPEVLETQELCSLTLEYRRECGRESVLESLTAVDPSGEGYGSQFQHLLRLEDGGEIVKGRTEWRPKNAGIN,3
Cuphea_viscosisssima_(CvB2MT28,MTAASSAFFPVPSADTSSRPGKLGNGPSSFSPLKPKSIPNGGLQVKASASAPPKINGSSVGLKSGGLKTHDDAPSAPPPRTFINQLPDWSMLLAAITTAFLAAEKQWMMLDRKPKRLDMLEDPFGLGRVVQDGLVFRQNFSIRSYEIGADRTASIETVMNHLQETALNHVKTAGLSNDGFGRTPEMYKRDLIWVVAKMQVMVNRYPTWGDTVEVNTWVAKSGKIGMRRDWLISDCNTGEILTRASSVWVMMNQKTRKLSKLPDEVRREIEPHFVDSPPVIEDNDRKLPKFDEKSADSIRKGLTPRWNDLDVNQHVNNAKYIGWILESTPPEVLETQELCSLTLEYRRECGRESVLESLTAVDPSGEGYGSQFQHLLRLEDGGEIVKGRTEWRPKNAGIN,2
Cuphea_viscosisssima_(CvB2MT29,MTAASSAFFPVPSADTSSRPGKLGNGPSSFSPLKPKSIPNGGLQVKASASAPPKINGSSVGLKSGGLKTHDDAPSAPPPRTFINQLPDWSMLLAAITTAFLAAEKQWMMLDRKPKRLDMLEDPFGLGRVVQDGLVFRQNFSIRSYEIGADRTASIETVMNHLQETALNHVKTAGLSNDGFGRTPEMYKRDLIWVVAKMQVMVNRYPTWGDTVEVNTWFAKSGKNGMRRDWLISDCNTGEILTRASSVWVMMNQKTRKFSKIPDEVRREIEPHFVDSPPVIEDNDRKLPKFDEKSADSIRKGLTPRWNDLDVNQHVNNAKYIGWILESTPPEVLETQELCSLTLEYRRECGRESVLESLTAVDPSGEGYGSQFQHLLRLEDGGEIVKGRTEWRPKNAGIN,3
Cuphea_viscosisssima_(CvB2MT3,MTAASSAFFPVPSADTSSRPGKLGNGPSSFSPLKPKSIPNGGLQVKASASAPPKINGSSVGLKSGGLKTHDDAPSAPPPRTFINQLPDWSMLLAAITTAFLAAEKQWMMLDRKPKRLDMLEDPFGLGRVVQDGLVFRQNFSIRSYEIGADRTASIETVMNHLQETALNHVKTAGLSNDGFGRTPEMYKRDLIWVVAKMQVMVNRYPTWGDTVEVNTWVAKSGKIGMRRDWLISDCNTGEILTRASSVWVMMNQKTRKLSKIPDEVRREIEPHFVDSAPVIEDDDRKLPKLDEKSADSIRKGLTPRWNDLDVNQHVNNAKYIGWILESTPPEVLETQELCSLTLEYRRECGRESVLESLTAVDPSGEGYGSQFQHLLRLEDGGEIVKGRTEWRPKNAGI,2
Cuphea_viscosisssima_(CvB2MT30,MTAASSAFFPVPSADTSSRPGKLGNGPSSFSPLKPKSIPNGGLQVKASASAPPKINGSSVGLKSGGLKTHDDAPSAPPPRTFINQLPDWSMLLAAITTAFLAAEKQWMMLDRKPKRLDMLEDPFGLGRVVQDGLVFRQNFSIRSYEIGADRTASIETVMNHLQETALNHVKTAGLSNDGFGRTPEMYKRDLIWVVAKMQVMVNRYPTWGDTVEVNTWFSQSGKIGMASDWLISDCNTGEILTRASSVWVMMNQKTRKLSKIPDEVRREIEPHFVDSAPVIEDDDRKLPKLDEKSADSIRKGLTPRWNDLDVNQHVNNAKYIGWILESTPPEVLETQELCSLTLEYRRECGRESVLESLTAVDPSGEGYGSQFQHLLRLEDGGEIVKGRTEWRPKNAGIN,3
Cuphea_viscosisssima_(CvB2MT31,MTAASSAFFPVPSADTSSRPGKLGNGPSSFSPLKPKSIPNGGLQVKASASAPPKINGSSVGLKSGGLKTHDDAPSAPPPRTFINQLPDWSMLLAAITTAFLAAEKQWMMLDRKPKRLDMLEDPFGLGRVVQDGLVFRQNFSIRSYEIGADRTASIETVMNHLQETALNHVKTAGLSNDGFGRTPEMYKRDLIWVVAKMQVMVNRYPTWGDTVEVNTWFAKSGKIGMRRDWLISDCNTGEILTRASSVWVMMNQKTRKFSKIPDEVRREIEPHFVDSPPVIEDNDRKLPKFDEKSADSIRKGLTPRWNDLDVNQHVNNAKYIGWILESTPPEVLETQELCSLTLEYRRECGRESVLESLTAVDPSGEGYGSQFQHLLRLEDGGEIVKGRTEWRPKNAGIN,3
Cuphea_viscosisssima_(CvB2MT32,MTAASSAFFPVPSADTSSRPGKLGNGPSSFSPLKPKSIPNGGLQVKASASAPPKINGSSVGLKSGGLKTHDDAPSAPPPRTFINQLPDWSMLLAAITTAFLAAEKQWMMLDRKPKRLDMLEDPFGLGRVVQDGLVFRQNFSIRSYEIGADRTASIETVMNHLQETALNHVKTAGLSNDGFGRTPEMYKRDLIWVVAKMQVMVNRYPTWGDTVEVNTWFAKSGKNGMRRDWLISDCNTGEILTRASSVWVMMNQKTRKLSKLPDEVRREIEPHFVDSPPVIEDNDRKLPKFDEKSADSIRKGLTPRWNDLDVNQHVNNAKYIGWILESTPPEVLETQELCSLTLEYRRECGRESVLESLTAVDPSGEGYGSQFQHLLRLEDGGEIVKGRTEWRPKNAGIN,3
Cuphea_viscosisssima_(CvB2MT33),MTAASSAFFPVPSADTSSRPGKLGNGPSSFSPLKPKSIPNGGLQVKASASAPPKINGSSVGLKSGGLKTHDDAPSAPPPRTFINQLPDWSMLLAAITTAFLAAEKQWMMLDRKPKRLDMLEDPFGLGRVVQDGLVFRQNFSIRSYEIGADRTASIETVMNHLQETALNHVKTAGLSNDGFGRTPEMYKRDLIWVVAKMQVMVNRYPTWGDTVEVNTWFAKSGKIGMRRDWLISDCNTGEILTRASSVWVMMNQKTRKFSKLPDEVRREIEPHFVDSPPVIEDNDRKLPKFDEKSADSIRKGLTPRWNDLDVNQHVNNAKYIGWILESTPPEVLETQELCSLTLEYRRECGRESVLESLTAVDPSGEGYGSQFQHLLRLEDGGEIVKGRTEWRPKNAGIN,3
Cuphea_viscosisssima_(CvB2MT34),MTAASSAFFPVPSADTSSRPGKLGNGPSSFSPLKPKSIPNGGLQVKASASAPPKINGSSVGLKSGGLKTHDDAPSAPPPRTFINQLPDWSMLLAAITTAFLAAEKQWMMLDRKPKRLDMLEDPFGLGRVVQDGLVFRQNFSIRSYEIGADRTASIETVMNHLQETALNHVKTAGLSNDGFGRTPEMYKRDLIWVVAKMQVMVNRYPTWGDTVEVNTWFAKSGKIGMRRDWLISDCNTGEILTRASSVWVMMNQKTRKFSKLPDEVRREFEPHFVDSPPVIEDNDRKLPKFDEKSADSIRKGLTPRWNDLDVNQHVNNAKYIGWILESTPPEVLETQELCSLTLEYRRECGRESVLESLTAVDPSGEGYGSQFQHLLRLEDGGEIVKGRTEWRPKNAGIN,3
Cuphea_viscosisssima_(CvB2MT35,MTAASSAFFPVPSADTSSRPGKLGNGPSSFSPLKPKSIPNGGLQVKASASAPPKINGSSVGLKSGGLKTHDDAPSAPPPRTFINQLPDWSMLLAAITTAFLAAEKQWMMLDRKPKRLDMLEDPFGLGRVVQDGLVFRQNFSIRSYEIGADRTASIETVMNHLQETALNHVKTAGLSNDGFGRTPEMYKRDLIWVFAKMQVMVNRYPTWGDTVEVNTWFAKSGKIGMRRDWLISDCNTGEILTRASSVWVMMNQKTRKFSKLPDEVRREIEPHFVDSPPVIEDNDRKLPKFDEKSADSIRKGLTPRWNDLDVNQHVNNAKYIGWILESTPPEVLETQELCSLTLEYRRECGRESVLESLTAVDPSGEGYGSQFQHLLRLEDGGEIVKGRTEWRPKNAGIN,3
Cuphea_viscosisssima_(CvB2MT36,MTAASSAFFPVPSADTSSRPGKLGNGPSSFSPLKPKSIPNGGLQVKASASAPPKINGSSVGLKSGGLKTHDDAPSAPPPRTFINQLPDWSMLLAAITTAFLAAEKQWMMLDRKPKRLDMLEDPFGLGRVVQDGLVFRQNFSIRSYEIGADRTASIETVMNHLQETALNHVKTAGLSNDGFGRTPEMYKRDLIWVFAKMQVMVNRYPTWGDTVEVNTWFAKSGKIGMRRDWLISDCNTGEILTRASSVWVMMNQKTRKFSKLPDEVRREFEPHFVDSPPVIEDNDRKLPKFDEKSADSIRKGLTPRWNDLDVNQHVNNAKYIGWILESTPPEVLETQELCSLTLEYRRECGRESVLESLTAVDPSGEGYGSQFQHLLRLEDGGEIVKGRTEWRPKNAGIN,3
Cuphea_viscosisssima_(CvB2MT37,MTAASSAFFPVPSADTSSRPGKLGNGPSSFSPLKPKSIPNGGLQVKASASAPPKINGSSVGLKSGGLKTHDDAPSAPPPRTFINQLPDWSMLLAAITTAFLAAEKQWMMLDRKPKRLDMLEDPFGLGRVVQDGLVFRQNFSIRSYEIGADRTASIETVMNHLQETALNHVKTAGLSNDGFGRTPEMYKRDLIWVFAKMQVMVNRYPTWGDTVEVNTWFAKSGKIGMASDWLISDCNTGEILTRASSVWVMMNQKTRKFSKLPDEVRREIEPHFVDSPPVIEDNDRKLPKFDEKSADSIRKGLTPRWNDLDVNQHVNNAKYIGWILESTPPEVLETQELCSLTLEYRRECGRESVLESLTAVDPSGEGYGSQFQHLLRLEDGGEIVKGRTEWRPKNAGIN,3
Cuphea_viscosisssima_(CvB2MT38,MTAASSAFFPVPSADTSSRPGKLGNGPSSFSPLKPKSIPNGGLQVKASASAPPKINGSSVGLKSGGLKTHDDAPSAPPPRTFINQLPDWSMLLAAITTAFLAAEKQWMMLDRKPKRLDMLEDPFGLGRVVQDGLVFRQNFSIRSYEIGADRTASIETVMNHLQETALNHVKTAGLSNDGFGRTPEMYKRDLIWVFAKMQVMVNRYPTWGDTVEVNTWFAKSGKIGMASDWLISDCNTGEILTRASSVWVMMNQKTRKFSKLPDEVRREFEPHFVDSPPVIEDNDRKLPKFDEKSADSIRKGLTPRWNDLDVNQHVNNAKYIGWILESTPPEVLETQELCSLTLEYRRECGRESVLESLTAVDPSGEGYGSQFQHLLRLEDGGEIVKGRTEWRPKNAGIN,1
Cuphea_viscosisssima_(CvB2MT4,MTAASSAFFPVPSADTSSRPGKLGNGPSSFSPLKPKSIPNGGLQVKASASAPPKINGSSVGLKSGGLKTHDDAPSAPPPRTFINQLPDWSMLLAAITTAFLAAEKQWMMLDRKPKRLDMLEDPFGLGRVVQDGLVFRQNFSIRSYEIGADRTASIETVMNHLQETALNHVKTAGLSNDGFGRTPEMYKRDLIWVVAKMQVMVNRYPTWGDTVEVNTWVAKSGKNGMRRDWLISDCNTGEILTRASSVWVMMNQKTRKFSKIPDEVRREIEPHFVDSAPVIEDDDRKLPKLDEKSADSIRKGLTPRWNDLDVNQHVNNAKYIGWILESTPPEVLETQELCSLTLEYRRECGRESVLESLTAVDPSGEGYGSQFQHLLRLEDGGEIVKGRTEWRPKNAGIN,1
Cuphea_viscosisssima_(CvB2MT40,MTAASSAFFPVPSADTSSRPGKLGNGPSSFSPLKPKSIPNGGLQVKASASAPPKINGSSVGLKSGGLKTHDDAPSAPPPRTFINQLPDWSMLLAAITTAFLAAEKQWMMLDRKPKRLDMLEDPFGLGRVVQDGLVFRQNFSIRSYEIGADRTASIETVMNHLQETALNHVKTAGLSNDGFGRTPEMYKRDLIWVLAKMQVMVNRYPTWGDTVEVNTWFAKSGKIGMASDWLISDCNTGEILTRASSVWVMMNQKTRKFSKLPDEVRREFEPHFVDSPPVIEDNDRKLPKFDEKSADSIRKGLTPRWNDLDVNQHVNNAKYIGWILESTPPEVLETQELCSLTLEYRRECGRESVLESLTAVDPSGEGYGSQFQHLLRLEDGGEIVKGRTEWRPKNAGIN,3
Cuphea_viscosisssima_(CvB2MT41,MTAASSAFFPVPSADTSSRPGKLGNGPSSFSPLKPKSIPNGGLQVKASASAPPKINGSSVGLKSGGLKTHDDAPSAPPPRTFINQLPDWSMLLAAITTAFLAAEKQWMMLDRKPKRLDMLEDPFGLGRVVQDGLVFRQNFSIRSYEIGADRTASIETVMNHLQETALNHVKTAGLSNDGFGRTPEMYKRDLIWVFAKMQVMVNRYPTWGDTVEVNTWFAKSGKIGMGRDWLISDCNTGEILTRASSVWVMMNQKTRKFSKLPDEVRREFEPHFVDSPPVIEDNDRKLPKFDEKSADSIRKGLTPRWNDLDVNQHVNNAKYIGWILESTPPEVLETQELCSLTLEYRRECGRESVLESLTAVDPSGEGYGSQFQHLLRLEDGGEIVKGRTEWRPKNAGIN,3
Cuphea_viscosisssima_(CvB2MT42,MTAASSAFFPVPSADTSSRPGKLGNGPSSFSPLKPKSIPNGGLQVKASASAPPKINGSSVGLKSGGLKTHDDAPSAPPPRTFINQLPDWSMLLAAITTAFLAAEKQWMMLDRKPKRLDMLEDPFGLGRVVQDGLVFRQNFSIRSYEIGADRTASIETVMNHLQETALNHVKTAGLSNDGFGRTPEMYKRDLIWVVAKMQVMVNRYPTWGDTVEINTWFAKSGKIGMASDWLISDCNTGEILTRASSVWVMMNQKTRKLSKIPDEVRREIEPHFVDSAPVIEDDDRKLPKLDEKSADSIRKGLTPRWNDLDVNQHVNNAKYIGWILESTPPEVLETQELCSLTLEYRRECGRESVLESLTAVDPSGEGYGSQFQHLLRLEDGGEIVKGRTEWRPKNAGIN,3
Cuphea_viscosisssima_(CvB2MT43,MTAASSAFFPVPSADTSSRPGKLGNGPSSFSPLKPKSIPNGGLQVKASASAPPKINGSSVGLKSGGLKTHDDAPSAPPPRTFINQLPDWSMLLAAITTAFLAAEKQWMMLDRKPKRLDMLEDPFGLGRVVQDGLVFRQNFSIRSYEIGADRTASIETVMNHLQETALNHVKTAGLSNDGFGRTPEMYKRDLIWVVAKMQVMVNRYPTWGDTVEVNTWVAKSGKNGMRRDWLISDCNTGEILTRASSVWAMMNQKTRKLSKIPDEVRREIEPHFVDSAPVIEDDDRKLPKLDEKSADSIRKGLTPRWNDLDVNQHVNNAKYIGWILESTPPEVLETQELCSLTLEYRRECGRESVLESLTAVDPSGEGYGSQFQHLLRLEDGGEIVKGRTEWRPKNAGIN,1
Cuphea_viscosisssima_(CvB2MT44,MTAASSAFFPVPSADTSSRPGKLGNGPSSFSPLKPKSIPNGGLQVKASASAPPKINGSSVGLKSGGLKTHDDAPSAPPPRTFINQLPDWSMLLAAITTAFLAAEKQWMMLDRKPKRLDMLEDPFGLGRVVQDGLVFRQNFSIRSYEIGADRTASIETVMNHLQETALNHVKTAGLSNDGFGRTPEMYKRDLIWVVAKMQVMVNRYPTWGDTVEVNTWFAKSGKIGMASDWLISDCNTGEILTRASSVWAMMNQKTRKLSKIPDEVRREIEPHFVDSAPVIEDDDRKLPKLDEKSADSIRKGLTPRWNDLDVNQHVNNAKYIGWILESTPPEVLETQELCSLTLEYRRECGRESVLESLTAVDPSGEGYGSQFQHLLRLEDGGEIVKGRTEWRPKNAGIN,3
Cuphea_viscosisssima_(CvB2MT45,MTAASSAFFPVPSADTSSRPGKLGNGPSSFSPLKPKSIPNGGLQVKASASAPPKINGSSVGLKSGGLKTHDDAPSAPPPRTFINQLPDWSMLLAAITTAFLAAEKQWMMLDRKPKRLDMLEDPFGLGRVVQDGLVFRQNFSIRSYEIGADRTASIETVMNHLQETALNHVKTAGLSNDGFGRTPEMYKRDLIWVVAKMQVMVNRYPTWGDTVEVNTWFAKSGKIGMGRDWLISDCNTGEILTRASSVWVMMNQKTRKLSKIPDEVRREIEPHFVDSAPVIEDDDRKLPKLDEKSADSIRKGLTPRWNDLDVNQHVNNAKYIGWILESTPPEVLETQELCSLTLEYRRECGRESVLESLTAVDPSGEGYGSQFQHLLRLEDGGEIVKGRTEWRPKNAGIN,3
Cuphea_viscosisssima_(CvB2MT47,MTAASSAFFPVPSADTSSRPGKLGNGPSSFSPLKPKSIPNGGLQVKASASAPPKINGSSVGLKSGGLKTHDDAPSAPPPRTFINQLPDWSMLLAAITTAFLAAEKQWMMLDRKPKRLDMLEDPFGLGRVVQDGLVFRQNFSIRSYEIGADRTASIETVMNHLQETALNHVKTAGLSNDGFGRTPEMYKRDLIWVLAKMQVMVNRYPTWGDTVEVNTWFAKSGKIGMGRDWLISDCNTGEILTRASSVWVMMNQKTRKFSKLPDEVRREFEPHFVDSAPVIEDDDRKLPKLDEKSADSIRKGLTPRWNDLDVNQHVNNAKYIGWILESTPPEVLETQELCSLTLEYRRECGRESVLESLTAVDPSGEGYGSQFQHLLRLEDGGEIVKGRTEWRPKNAGIN,3
Cuphea_viscosisssima_(CvB2MT48,MTAASSAFFPVPSADTSSRPGKLGNGPSSFSPLKPKSIPNGGLQVKASASAPPKINGSSVGLKSGGLKTHDDAPSAPPPRTFINQLPDWSMLLAAITTAFLAAEKQWMMLDRKPKRLDMLEDPFGLGRVVQDGLVFRQNFSIRSYEIGADRTASIETVMNHLQETALNHVKTAGLSNDGFGRTPEMYKRDLIWVLAKMQVMVNRYPTWGDTVEVNTWFAKSGKIGMASDWLISDCNTGEILTRASSVWVMMNQKTRKLSKIPDEVRREIEPHFVDSAPVIEDDDRKLPKLDEKSADSIRKGLTPRWNDLDVNQHVNNAKYIGWILESTPPEVLETQELCSLTLEYRRECGRESVLESLTAVDPSGEGYGSQFQHLLRLEDGGEIVKGRTEWRPKNAGIN,3
Cuphea_viscosisssima_(CvB2MT5,MTAASSAFFPVPSADTSSRPGKLGNGPSSFSPLKPKSIPNGGLQVKASASAPPKINGSSVGLKSGGLKTHDDAPSAPPPRTFINQLPDWSMLLAAITTAFLAAEKQWMMLDRKPKRLDMLEDPFGLGRVVQDGLVFRQNFSIRSYEIGADRTASIETVMNHLQETALNHVKTAGLSNDGFGRTPEMYKRDLIWVVAKMQVMVNRYPTWGDTVEVNTWVAKSGKNGMRRDWLISDCNTGEILTRASSVWVMMNQKTRKLSKLPDEVRREIEPHFVDSAPVIEDDDRKLPKLDEKSADSIRKGLTPRWNDLDVNQHVNNAKYIGWILESTPPEVLETQELCSLTLEYRRECGRESVLESLTAVDPSGEGYGSQFQHLLRLEDGGEIVKGRTEWRPKNAGIN,1
Cuphea_viscosisssima_(CvB2MT6),MTAASSAFFPVPSADTSSRPGKLGNGPSSFSPLKPKSIPNGGLQVKASASAPPKINGSSVGLKSGGLKTHDDAPSAPPPRTFINQLPDWSMLLAAITTAFLAAEKQWMMLDRKPKRLDMLEDPFGLGRVVQDGLVFRQNFSIRSYEIGADRTASIETVMNHLQETALNHVKTAGLSNDGFGRTPEMYKRDLIWVVAKMQVMVNRYPTWGDTVEVNTWVAKSGKNGMRRDWLISDCNTGEILTRASSVWVMMNQKTRKLSKIPDEVRREFEPHFVDSAPVIEDDDRKLPKLDEKSADSIRKGLTPRWNDLDVNQHVNNAKYIGWILESTPPEVLETQELCSLTLEYRRECGRESVLESLTAVDPSGEGYGSQFQHLLRLEDGGEIVKGRTEWRPKNAGIN,3
Cuphea_viscosisssima_(CvB2MT7,MTAASSAFFPVPSADTSSRPGKLGNGPSSFSPLKPKSIPNGGLQVKASASAPPKINGSSVGLKSGGLKTHDDAPSAPPPRTFINQLPDWSMLLAAITTAFLAAEKQWMMLDRKPKRLDMLEDPFGLGRVVQDGLVFRQNFSIRSYEIGADRTASIETVMNHLQETALNHVKTAGLSNDGFGRTPEMYKRDLIWVVAKMQVMVNRYPTWGDTVEVNTWVAKSGKNGMRRDWLISDCNTGEILTRASSVWVMMNQKTRKLSKIPDEVRREIEPHFVDSPPVIEDDDRKLPKLDEKSADSIRKGLTPRWNDLDVNQHVNNAKYIGWILESTPPEVLETQELCSLTLEYRRECGRESVLESLTAVDPSGEGYGSQFQHLLRLEDGGEIVKGRTEWRPKNAGIN,1
Cuphea_viscosisssima_(CvB2MT8,MTAASSAFFPVPSADTSSRPGKLGNGPSSFSPLKPKSIPNGGLQVKASASAPPKINGSSVGLKSGGLKTHDDAPSAPPPRTFINQLPDWSMLLAAITTAFLAAEKQWMMLDRKPKRLDMLEDPFGLGRVVQDGLVFRQNFSIRSYEIGADRTASIETVMNHLQETALNHVKTAGLSNDGFGRTPEMYKRDLIWVVAKMQVMVNRYPTWGDTVEVNTWVAKSGKNGMRRDWLISDCNTGEILTRASSVWVMMNQKTRKLSKIPDEVRREIEPHFVDSAPVIEDNDRKLPKLDEKSADSIRKGLTPRWNDLDVNQHVNNAKYIGWILESTPPEVLETQELCSLTLEYRRECGRESVLESLTAVDPSGEGYGSQFQHLLRLEDGGEIVKGRTEWRPKNAGIN,1
Cuphea_viscosisssima_(CvB2MT9,MTAASSAFFPVPSADTSSRPGKLGNGPSSFSPLKPKSIPNGGLQVKASASAPPKINGSSVGLKSGGLKTHDDAPSAPPPRTFINQLPDWSMLLAAITTAFLAAEKQWMMLDRKPKRLDMLEDPFGLGRVVQDGLVFRQNFSIRSYEIGADRTASIETVMNHLQETALNHVKTAGLSNDGFGRTPEMYKRDLIWVVAKMQVMVNRYPTWGDTVEVNTWVAKSGKNGMRRDWLISDCNTGEILTRASSVWVMMNQKTRKLSKIPDEVRREIEPHFVDSAPVIEDDDRKLPKFDEKSADSIRKGLTPRWNDLDVNQHVNNAKYIGWILESTPPEVLETQELCSLTLEYRRECGRESVLESLTAVDPSGEGYGSQFQHLLRLEDGGEIVKGRTEWRPKNAGIN,1
Cuphea_viscosisssima_(CvFatB1,MTAASSAFFPVPSADTSSRPGKLGNGPSSFSPLKPKSIPNGGLQVKASASAPPKINGSSVGLKSGGLKTHDDAPSAPPPRTFINQLPDWSMLLAAITTAFLAAEKQWMMLDRKPKRLDMLEDPFGLGRVVQDGLVFRQNFSIRSYEIGADRTASIETVMNHLQETALNHVKTAGLSNDGFGRTPEMYKRDLIWVLAKMQVMVNRYPTWGDTVEINTWFSQSGKIGMASDWLISDCNTGEILTRASSVWAMMNQKTRKFSKLPDEVRRELEPHFVDSPPVIEDNDRKLPKFDEKSADSIRKGLTPRWNDLDVNQHVNNAKYIGWILESTPPEVLETQELCSLTLEYRRECGRESVLESLTAVDPSGEGYGSQFQHLLRLEDGGEIVKGRTEWRPKNAGIN,3
Cuphea_viscosisssima_(CvFatB2,MTAASSAFFPVPSADTSSRPGKLGNGPSSFSPLKPKSIPNGGLQVKASASAPPKINGSSVGLKSGGLKTHDDAPSAPPPRTFINQLPDWSMLLAAITTAFLAAEKQWMMLDRKPKRLDMLEDPFGLGRVVQDGLVFRQNFSIRSYEIGADRTASIETVMNHLQETALNHVKTAGLSNDGFGRTPEMYKRDLIWVVAKMQVMVNRYPTWGDTVEVNTWVAKSGKNGMRRDWLISDCNTGEILTRASSVWVMMNQKTRKLSKIPDEVRREIEPHFVDSAPVIEDDDRKLPKLDEKSADSIRKGLTPRWNDLDVNQHVNNAKYIGWILESTPPEVLETQELCSLTLEYRRECGRESVLESLTAVDPSGEGYGSQFQHLLRLEDGGEIVKGRTEWRPKNAGIN,2
Diploknema_butyracea,MLPDWSMLLAAITTIFLAAEKQWMMLDWKPRRPDMIIDSFGLGKIVQDGLVFRQNFSIRSYEIGADRTASVETMMNHLQETALNHVRAAGLMADGFGATPEMSKRNLIWVVTKMQVLVDRYPKWGDVVQVETWIAAYGKNCMRRDWFVRDCKTGDIITRASSVWVMMNKETRRLSKIPHEVRCEIGSYFVDSPPVLAEDSRKLRKLDESTADYICTGLKPRWSDLDVNQHVNNVKYIGWILETAPQLILESHELCGMTLEYRRECGKDSVLQSMTAVSGGAIGGLVDPGYVECQHLLRLEDGAEIVKARTHWRPKYANCLGSHGQLPAESA,1
Elaeis_guineensis,MLPDWSVLLAAVTTIFLAAEKQWTLLDWKPRRPDMLTGAFSLGKIVQDGLVFRQNFSIRSYEIGADRTASIETLMNHLQETALNHVRNAGLLGDGFGATPEMSKRNLIWVVTKMQVLIEHYPSWGDVVEVDTWVGASGKNGMRRDWHVRDYRTGQTILRATSIWVMMDKHTRKLSKMPEEVRAEIGPYFMEHAAIVDEDSRKLPKLDDDTADYIKWGLTPRWSDLDVNQHVNNVKYIGWILESAPISILENHELASMTLEYRRECGRDSVLQSLTAVANDCTGGLPEASIECQHLLQLECGAEIVRGRTQWRPRRASGPTSAGSA,2
Gossypium_hirsutum,MLPDWSMLLAAITTIFLAAEKQWMMLDWKPRRPDMVIDPFGIGKIVQDGLVFSQNFSIRSYEIGADQTASIETLMNHLQETAINHCRSAGLLGEGFGATPEMCKKNLIWVVTRMQVVVDRYPTWGDVVQVDTWVSASGKNGMRRDWLVSNSETGEILTRATSVWVMMNKLTRRLSKIPEEVRGEIEPFFMNSDPVLAEDSQKLVKLDDSTAEHVCKGLTPKWSDLDVNQHVNNVKYIGWILESAPLPILESHELSALTLEYRRECGRDSVLQSLTTVSDSNTENAVNVGEFNCQHLLRLDDGAEIVRGRTRWRPKHAKSSANMDQITAKRA,1
Helianthus_Annuus_(HaFatA1),MAVKVDEQRTGVAVDVTEKRLADRLRMGSLTEDGLSYKERFIIRCYEVGINKTATVETIANLLQEVGGNHAQSVGFSTDGFATTTTMRKLNLIWVTSRMHIEIYRYPAWSDVVEIETWCQGEGRIGTRRDWIIKDHANGEVIGRATSKWVMMNSETRRLQKVNDDIRDEYLIFCPKTLRLAFPEENNNSLKKIAKLEDPAECSTLGLVPRRADLDMNKHVNNVTYIGWVLESIPQEVIDTHELQTITLDYRRECQHDDVVDSLTSSESPAVNGCASGENLSKFLHLLRSSGEGLELNRGRTEWRKKPAKK,1
Helianthus_Annuus_(HaFatB1),MLPDWSMLLAAITTIFLAAEKQWMMLEWKTKRPDMIADMDPFGLGRIVQDGLVFRQNFSIRSYEIGADRTASIETLMNHLQETALNHVKSAGLLGDGFGSTPEMCKKNLFWVVTKMQVIVDRYPTWGDVVQVDTWVAPNGKNGMRRDWLVRDYKTGEILTRASSNWVMMNKETRRLSKIPDEVRGEIEHYFVDAPPVVEDDSRKLSKLDESTADYVRDGLIPRWSDLDVNQHVNNVKYIGWILESAPQVVEKYELARITLEYRRECRKDSVVKSLTSVLGGGDDDNGGIGDSGRVDCQHVLLFAGGGDGTPGGEIVKGRTQWRPKYEKQDGSVDHFSAGNV,1
Iris_germanica_1,MLPDWSVLLAAITTIFLAAEKQWTLIDWKRGGPDMLTDAFGLGKIIENGLIYRQNFSIRSYEIGADQTASIETLMNHLQETALNHVRCAGLLGNGFGSTPEMSKRNLIWVVTKMQVLVEHYPSWGDVIEVDTWAGGSGKNGMRRDWHVRDSQTGQTIMRASSNWVMMNKSTRKLSKFPEEVRAEIRPYFMDRVPIIDEDNRKLPKLDDDTADHVRSGLTPKWSDLDVNQHVNNVKYLGWILESAPISMLESHELASFTLEYRRECGRDGVLQSLTAVSADCSAGPAELPIECQHLLRLEGGSELVKGRTEWRPKKHGPFPAGSP,1
Iris_germanica_2,MLPDWSVLLAAITTIFLAAEKQWTLIDWKRGGPDMLSDAFGLPKIIENGLLYRQKFSIRSYEIGADQTASIETLMNHLQETALNHVKCAGLLGNGFGSTPEMSKMNLIWVVTKMQVLVEHYPSWGDVIEVDTWAAASGKNGMRRDWHVRDWQTGQTIMRASSNWVMMNQNTRRLSKFPEEVRAEIEPYFMERAPVIDDDNRKLPKLDDDTADHVRNGLTPRWSDLDVNQHVKNVKYIGWILESAPISILESHELASMTLEYRRECGRDSVLQSLTSVSNNCTDGSEELPIECQHLLRNEGGSEIVKGRTEWRPKKCGPFGAGRP,1
Jatropha_curcas,MLPDWSMLLAAITTIFLAAEKQWMMLDWKPRRPDMLIDPFGLGRIVQDGLVFRQNFSIRSYEIGADRTASIETLMNHLQETALNHVKTAGLLGEGFGSTPEMSKRNLIWVVTRMQVLVDRYPTWGDVVEVDTWVSASGKNGMRRDWLVRDSKTGETLTRASSVWVMMNKLTRRLSKIPEEVRGEIEPYFLNSDPIVDEDGRKLPKLDDNTADYVCKGLTPRWSDLDVNQHVNNVKYIGWILESAPLPILESHELSSIIMEYRRECGRDSVLQSLTAVSGTGLGNLGNAGEIECQHLLRLEEGAEIVRGRTAWRPKYRSNFGIMGQIPVESA,1
Lindera_communis,MGSKVSTDTLKGEDTLTSSPAPRTFINQLPDWSMFLAAITTIFLAAEKQWTNLDWKPRRPDMLADPFGIGRFMQDGLIFRQHFAIRSYEIGADRTASIETLMNHLQETALNHVRSAGLLGDGFGATPEMSRRDLIWVVTRMQVLVDRYPAWGDIVEVETWVGASGKNGMRREWLVRDSQTGEILTRATSVWVMMNKRTRRLSKIPEEVRGEIGPYFMEDVAIVEEDSRKVQKLNENTADSVRRGLTPRWSDLDVNQHVNNVKYIGWILESAPGSILESHELSCMTLEYRRECGKDSVLQSMTAVSGGGSAAGGSPESSVECDHLLQLESGPEVVRGRTEWRPKSAKDSRSILEMPAESS,2
Micromonas_pusilla,MATSKVRPRSRTRLRAIESDTARSAKQHAVDTDLEVPEWHSRSLIEDGRAFTETFPVRFDEVGPNKKTTMRTIASMLQECACNHAQGIWGRSQAMPADMKAQNLGWVCTRLHIVVDEYPAWGDMVEVRTWFDSQGKIAARRDWDMYYCTGDEEPNEQCASVGRATSQWVAFNIAKRKLARIPATVIPQFREQARKTRALKNTPVMGDDYDPDKLPDVREMSGAIAPTTQSVRRNDLDMNGHVNNVVYTEWLLEAVPHYMWNEFELTELVLEFREECGYGDLVDAVSANEKRVRTEFGQENAGVSMAHMLLRKSKGGSGDGAPTEVVRARTVWKARPRSPDLPAPAR,1
Physcomitrella_patens,MAAIAGVALAAENQRRHDKTEVPVDVFRQGRLVESRLVYGQTFVIRSYEIGADRTASIETMMNHFQETALNHVWMSGLAGDGFGATRAMSCNNLIWVVTRMQVHVEQYPAWGNIVEMDTWVAASGKNGMRRDWLVRDYKSGQILARATSIWVMMNRKTRKLSKMPEEVRAEISPYFLERFAIKDEDEMTQKICRLNGSAEYVRSGLTPRRSDLDMNQHVNNVKYIGWMLETVPPAVLDGYELVSMNLEYRRECGQSDVVQSMTTADGGNLQFVHLLRMESDGAEIVRGRTRWRPKKLNHSQLS,1
Prunus_sibirica_L._(Siberian apricot),MVATAATSSIFPIPSPNQDSGAKNAKLGTGSAGLGLKSKSASGSLQVKANAQAPSKINGTSVGLATVESGKNGDDMSSPPARTFINQLPDWSVLLAAITTIFLAAEKQWTMLDWKPKRPDMLIDPFGLGRIVQDGLVFRQNFSIRSYEIGADRTASIETLMNHLQETALNHVKTAGLLGDGFGSTPEMSVRNLIWVVTKMQVVVDRYPTWGDVVQVDTWVSASGKNGMRRDWILQDCKTGQILTRATSVWVMMNKLTRRLSKIPDEVRGEIEPFFMNSPPVVEEDSRKLLKLDDKTADFVRTGLTPRWGDLDINQHVNNVKYIGWILESAPLPILESHELSSLTLEYRRECGRDSVLQSLTAVSGADIGNLGSNGGVECQHLLRLEEGAEIVRGRTEWRPKYANNLGIVGQLPAESA,1
Ricinus_communis,MLPDWSMLLAAITTIFLAAEKQWMMLDWKPRRPDMLIDPFGIGRIVQDGLIFRQNFSIRSYEIGADRTASIETLMNHLQETALNHVKTAGLLGDGFGSTPEMSKRNLIWVVTRMQVLVDRYPTWGDVVQVDTWVSKSGKNGMRRDWCVRDSRTGETLTRASSVWVMMNKLTRRLSKIPEEVRGEIEPYFLNSDPIVDEDSRKLPKLDDSNADYVRKGLTPRWSDLDINQHVNNVKYIGWILESAPLPILESHELSAITLEYRRECGRDSVLQSLTAVSGNGIGNLGNAGDIECQHLLRLEDGAEIVRGRTEWRPKYSSNFGIMGQIPVESA,1
rTE12,MLPDWSMLLTAITTVFVAAEKQWTMLDRKSKRPDMLVDSVGLKSIVRDGLVSRHSFSIRSYEIGADRTASIETLMNHLQETTINHCKSLGLHNDGFGRTPGMCKNDLIWVLTKMQIMVNRYPTWGDTVEVNTWVAKSGKNGMRRDWLISDCNTGEILTRASSVWVMMNQKTRKLSKIPDEVRREIEPHFVDSAPVIEDDDRKLPKLDEKSADSIRKGLTPRWNDLDVNQHVSNVKYIGWILESMPIEVLETQELCSLTVEYRRECGMDSVLESVTAVDPSENGGRSQYKHLLRLEDGTDIVKSRTEWRPKNAGTNGAISTSTAKTSNGNSVS,3
rTE15,MLPDWSMLLTAITTVFVAAEKQWTMLDRKSKRPDMLVDSVGLKSIVRDGLVSRHSFSIRSYEIGADRTASIETLMNHLQETTINHCKSLGLHNDGFGRTPGMCKNDLIWVLTKMQIMVNRYPTWGDTVEVNTWVAKSGKNGMRRDWLISDCNTGEILTRASSVWVMMNQKTRKLSKIPDEVRREIEPHFVDSAPVIEDDDRKLPKLDEKSADSIRKGLTPRWNDLDVNQHVNNAKYIGWILESTPPEVLETQELCSLTLEYRRECGRESVLESLTAVDPSGEGYGSQFQHLLRLEDGGEIVKGRTEWRPKNAGINGVVPSEESSPGDYS,3
rTE16,MLPDWSMLLTAITTVFVAAEKQWTMLDRKSKRPDMLVDSVGLKSIVRDGLVSRHSFSIRSYEIGADRTASIETVMNHLQETALNHVKTAGLSNDGFGRTPEMYKRDLIWVVAKMQVMVNRYPTWGDTVEINTWFSQSGKIGMASDWLISDCNTGEILIRATSVWAMMNQKTRRFSRLPYEVRQELTPHFVDSPHVIEDNDQKLRKFDVKTGDSIRKGLTPRWNDLDVNQHVSNVKYIGWILESMPIEVLETQELCSLTVEYRRECGMDSVLESVTAVDPSENGGRSQYKHLLRLEDGTDIVKSRTEWRPKNAGTNGAISTSTAKTSNGNSVS,3
rTE20,MLPDWSMLLTAITTVFVAAEKQWTMLDRKSKRPDMLVDSVGLKSIVRDGLVSRHSFSIRSYEIGADRTASIETVMNHLQETALNHVKTAGLSNDGFGRTPEMYKRDLIWVVAKMQVMVNRYPTWGDTVEINTWFSQSGKIGMASDWLISDCNTGEILIRATSVWAMMNQKTRKLSKIPDEVRREIEPHFVDSAPVIEDDDRKLPKLDEKSADSIRKGLTPRWNDLDVNQHVSNVKYIGWILESMPIEVLETQELCSLTVEYRRECGMDSVLESVTAVDPSENGGRSQYKHLLRLEDGTDIVKSRTEWRPKNAGTNGAISTSTAKTSNGNSVS,3
rTE24,MLPDWSMLLTAITTVFVAAEKQWTMLDRKSKRPDMLVDSVGLKSIVRDGLVSRHSFSIRSYEIGADRTASIETVMNHLQETALNHVKTAGLSNDGFGRTPEMYKRDLIWVVAKMQVMVNRYPTWGDTVEVNTWVAKSGKNGMRRDWLISDCNTGEILTRASSVWVMMNQKTRRFSRLPYEVRQELTPHFVDSPHVIEDNDQKLRKFDVKTGDSIRKGLTPRWNDLDVNQHVSNVKYIGWILESMPIEVLETQELCSLTVEYRRECGMDSVLESVTAVDPSENGGRSQYKHLLRLEDGTDIVKSRTEWRPKNAGTNGAISTSTAKTSNGNSVS,2
rTE28,MLPDWSMLLTAITTVFVAAEKQWTMLDRKSKRPDMLVDSVGLKSIVRDGLVSRHSFSIRSYEIGADRTASIETVMNHLQETALNHVKTAGLSNDGFGRTPEMYKRDLIWVVAKMQVMVNRYPTWGDTVEVNTWVAKSGKNGMRRDWLISDCNTGEILTRASSVWVMMNQKTRKLSKIPDEVRREIEPHFVDSAPVIEDDDRKLPKLDEKSADSIRKGLTPRWNDLDVNQHVSNVKYIGWILESMPIEVLETQELCSLTVEYRRECGMDSVLESVTAVDPSENGGRSQYKHLLRLEDGTDIVKSRTEWRPKNAGTNGAISTSTAKTSNGNSVS,1
rTE3,MLPDWSMLLTAITTVFVAAEKQWTMLDRKSKRPDMLVDSVGLKSIVRDGLVSRHSFSIRSYEIGADRTASIETLMNHLQETTINHCKSLGLHNDGFGRTPGMCKNDLIWVLTKMQIMVNRYPTWGDTVEINTWFSQSGKIGMASDWLISDCNTGEILIRATSVWAMMNQKTRRFSRLPYEVRQELTPHFVDSPHVIEDNDQKLRKFDVKTGDSIRKGLTPRWNDLDVNQHVNNAKYIGWILESTPPEVLETQELCSLTLEYRRECGRESVLESLTAVDPSGEGYGSQFQHLLRLEDGGEIVKGRTEWRPKNAGINGVVPSEESSPGDYS,3
rTE32,MLPDWSMLLAAITTAFLAAEKQWMMLDRKPKRLDMLEDPFGLGRVVQDGLVFRQNFSIRSYEIGADRTASIETLMNHLQETTINHCKSLGLHNDGFGRTPGMCKNDLIWVLTKMQIMVNRYPTWGDTVEINTWFSQSGKIGMASDWLISDCNTGEILIRATSVWAMMNQKTRRFSRLPYEVRQELTPHFVDSPHVIEDNDQKLRKFDVKTGDSIRKGLTPRWNDLDVNQHVSNVKYIGWILESMPIEVLETQELCSLTVEYRRECGMDSVLESVTAVDPSENGGRSQYKHLLRLEDGTDIVKSRTEWRPKNAGTNGAISTSTAKTSNGNSVS,3
rTE36,MLPDWSMLLAAITTAFLAAEKQWMMLDRKPKRLDMLEDPFGLGRVVQDGLVFRQNFSIRSYEIGADRTASIETLMNHLQETTINHCKSLGLHNDGFGRTPGMCKNDLIWVLTKMQIMVNRYPTWGDTVEINTWFSQSGKIGMASDWLISDCNTGEILIRATSVWAMMNQKTRKLSKIPDEVRREIEPHFVDSAPVIEDDDRKLPKLDEKSADSIRKGLTPRWNDLDVNQHVSNVKYIGWILESMPIEVLETQELCSLTVEYRRECGMDSVLESVTAVDPSENGGRSQYKHLLRLEDGTDIVKSRTEWRPKNAGTNGAISTSTAKTSNGNSVS,3
rTE4,MLPDWSMLLTAITTVFVAAEKQWTMLDRKSKRPDMLVDSVGLKSIVRDGLVSRHSFSIRSYEIGADRTASIETLMNHLQETTINHCKSLGLHNDGFGRTPGMCKNDLIWVLTKMQIMVNRYPTWGDTVEINTWFSQSGKIGMASDWLISDCNTGEILIRATSVWAMMNQKTRKLSKIPDEVRREIEPHFVDSAPVIEDDDRKLPKLDEKSADSIRKGLTPRWNDLDVNQHVSNVKYIGWILESMPIEVLETQELCSLTVEYRRECGMDSVLESVTAVDPSENGGRSQYKHLLRLEDGTDIVKSRTEWRPKNAGTNGAISTSTAKTSNGNSVS,3
rTE40,MLPDWSMLLAAITTAFLAAEKQWMMLDRKPKRLDMLEDPFGLGRVVQDGLVFRQNFSIRSYEIGADRTASIETLMNHLQETTINHCKSLGLHNDGFGRTPGMCKNDLIWVLTKMQIMVNRYPTWGDTVEVNTWVAKSGKNGMRRDWLISDCNTGEILTRASSVWVMMNQKTRRFSRLPYEVRQELTPHFVDSPHVIEDNDQKLRKFDVKTGDSIRKGLTPRWNDLDVNQHVSNVKYIGWILESMPIEVLETQELCSLTVEYRRECGMDSVLESVTAVDPSENGGRSQYKHLLRLEDGTDIVKSRTEWRPKNAGTNGAISTSTAKTSNGNSVS,2
rTE44,MLPDWSMLLAAITTAFLAAEKQWMMLDRKPKRLDMLEDPFGLGRVVQDGLVFRQNFSIRSYEIGADRTASIETLMNHLQETTINHCKSLGLHNDGFGRTPGMCKNDLIWVLTKMQIMVNRYPTWGDTVEVNTWVAKSGKNGMRRDWLISDCNTGEILTRASSVWVMMNQKTRKLSKIPDEVRREIEPHFVDSAPVIEDDDRKLPKLDEKSADSIRKGLTPRWNDLDVNQHVSNVKYIGWILESMPIEVLETQELCSLTVEYRRECGMDSVLESVTAVDPSENGGRSQYKHLLRLEDGTDIVKSRTEWRPKNAGTNGAISTSTAKTSNGNSVS,2
rTE48,MLPDWSMLLAAITTAFLAAEKQWMMLDRKPKRLDMLEDPFGLGRVVQDGLVFRQNFSIRSYEIGADRTASIETVMNHLQETALNHVKTAGLSNDGFGRTPEMYKRDLIWVVAKMQVMVNRYPTWGDTVEINTWFSQSGKIGMASDWLISDCNTGEILIRATSVWAMMNQKTRRFSRLPYEVRQELTPHFVDSPHVIEDNDQKLRKFDVKTGDSIRKGLTPRWNDLDVNQHVSNVKYIGWILESMPIEVLETQELCSLTVEYRRECGMDSVLESVTAVDPSENGGRSQYKHLLRLEDGTDIVKSRTEWRPKNAGTNGAISTSTAKTSNGNSVS,3
rTE51,MLPDWSMLLAAITTAFLAAEKQWMMLDRKPKRLDMLEDPFGLGRVVQDGLVFRQNFSIRSYEIGADRTASIETVMNHLQETALNHVKTAGLSNDGFGRTPEMYKRDLIWVVAKMQVMVNRYPTWGDTVEINTWFSQSGKIGMASDWLISDCNTGEILIRATSVWAMMNQKTRRFSRLPYEVRQELTPHFVDSPHVIEDNDQKLRKFDVKTGDSIRKGLTPRWNDLDVNQHVNNAKYIGWILESTPPEVLETQELCSLTLEYRRECGRESVLESLTAVDPSGEGYGSQFQHLLRLEDGGEIVKGRTEWRPKNAGINGVVPSEESSPGDYS,3
rTE52,MLPDWSMLLAAITTAFLAAEKQWMMLDRKPKRLDMLEDPFGLGRVVQDGLVFRQNFSIRSYEIGADRTASIETVMNHLQETALNHVKTAGLSNDGFGRTPEMYKRDLIWVVAKMQVMVNRYPTWGDTVEINTWFSQSGKIGMASDWLISDCNTGEILIRATSVWAMMNQKTRKLSKIPDEVRREIEPHFVDSAPVIEDDDRKLPKLDEKSADSIRKGLTPRWNDLDVNQHVSNVKYIGWILESMPIEVLETQELCSLTVEYRRECGMDSVLESVTAVDPSENGGRSQYKHLLRLEDGTDIVKSRTEWRPKNAGTNGAISTSTAKTSNGNSVS,3
rTE56,MLPDWSMLLAAITTAFLAAEKQWMMLDRKPKRLDMLEDPFGLGRVVQDGLVFRQNFSIRSYEIGADRTASIETVMNHLQETALNHVKTAGLSNDGFGRTPEMYKRDLIWVVAKMQVMVNRYPTWGDTVEVNTWVAKSGKNGMRRDWLISDCNTGEILTRASSVWVMMNQKTRRFSRLPYEVRQELTPHFVDSPHVIEDNDQKLRKFDVKTGDSIRKGLTPRWNDLDVNQHVSNVKYIGWILESMPIEVLETQELCSLTVEYRRECGMDSVLESVTAVDPSENGGRSQYKHLLRLEDGTDIVKSRTEWRPKNAGTNGAISTSTAKTSNGNSVS,2
rTE60,MLPDWSMLLAAITTAFLAAEKQWMMLDRKPKRLDMLEDPFGLGRVVQDGLVFRQNFSIRSYEIGADRTASIETVMNHLQETALNHVKTAGLSNDGFGRTPEMYKRDLIWVVAKMQVMVNRYPTWGDTVEVNTWVAKSGKNGMRRDWLISDCNTGEILTRASSVWVMMNQKTRKLSKIPDEVRREIEPHFVDSAPVIEDDDRKLPKLDEKSADSIRKGLTPRWNDLDVNQHVSNVKYIGWILESMPIEVLETQELCSLTVEYRRECGMDSVLESVTAVDPSENGGRSQYKHLLRLEDGTDIVKSRTEWRPKNAGTNGAISTSTAKTSNGNSVS,1
rTE8,MLPDWSMLLTAITTVFVAAEKQWTMLDRKSKRPDMLVDSVGLKSIVRDGLVSRHSFSIRSYEIGADRTASIETLMNHLQETTINHCKSLGLHNDGFGRTPGMCKNDLIWVLTKMQIMVNRYPTWGDTVEVNTWVAKSGKNGMRRDWLISDCNTGEILTRASSVWVMMNQKTRRFSRLPYEVRQELTPHFVDSPHVIEDNDQKLRKFDVKTGDSIRKGLTPRWNDLDVNQHVSNVKYIGWILESMPIEVLETQELCSLTVEYRRECGMDSVLESVTAVDPSENGGRSQYKHLLRLEDGTDIVKSRTEWRPKNAGTNGAISTSTAKTSNGNSVS,3
Sorghum_bicolor_1,MLPDWSMLLAAVTTIFLAAEKQWTLLDWKPKKPDMLVDTFGFGRIIQDGLVFRQNFLIRSYEIGADRTASIETLMNHLQETALNHVKTAGLLGDGFGATPEMSKRNLIWVVSKIQLLVEQYPSWGDMVQVDTWVAAAGKNGMRRDWHVRDYNSGRTILRATSVWVMMNKNTRRLSKMPDEVRAEIGPYFNGRSAITDEQSEKLAKPGSTSDGDTMKQFIRKGLTPRWGDLDVNQHVNNVKYIGWILESAPISILEKHELASMTLDYRKECGRDSVLQSLTTVAGECVDGHADSTIQCDHLLQLESGADIVKAHTEWRPKRAHGGEGNMGFFPAESA,1
Sorghum_bicolor_2,MLPDWSMLLAAITTIFLAAEKQWTMLDWKPRRPDMLTDTFGFGRIIHDGLMFRQNFSIRSYEIGADRTASIETLMNHLQETALNHVKTAGLLGDGFGSTPEMSKRNLFWVVSQMQAIVERYPCWGDTVEVDTWVSANGKNGMRRDWHIRDSITGHTILKATSKWVMMNKLTRKLARIPDEVRTEIEPYFFERSAIVDEDNRKLPKLPDGQSTSAAKYVRTGLTPRWADLDINQHVNNVKYIAWILESAPISILENHELASIVLDYKRECGRDSVLQSHTSVQTDCNSESGETTLHCEHVLSLESGPTMVKARTMWRPKRTKAQETVVPSSF,1
Sorghum_bicolor_4,MAALETSINRSLAELSAPVLPLLPATGGDGDVGGGEERSRQNIPTEKQMVDPFRQALIVEGGVRYQQTLVVRSYEVGPDKTATLETVLNLLQETALNHVWMSGLLGDGFGATHGMIRNNLIWVVSRMHVQVDQYPICTWVMMNKVTRRLSKMPEEVRGEIAPWFIDRHAIQEEAAEKIIKLDSNAMYIHSDLKTLPDHFLQQNQLRSITLEYRKECGSSDVVQSICQPDDDSIPPQENVTMAIGPSLSPEIISGHHSLAGALQQSPMKYTHLLQLKAGDKYEEIVRGRTTWKKKTYNAP,1
"UcFatB1(197M-M199H)",MTSLASAFCSMKAVMLARDGRGMKPRSSDLQLRAGNAPLKMINGTKFSYTESLKRLPDWSMLFAVITTIFSAAEKQWTNLEWKPKLPQLLDDHFGLHGLVFRRTFAIRSYEVGPDRSTSILAVMNHMQEATLNHAKSVGILGDGFGTTLEMSKRDLMWVVRRTHVAVERYPTWGDTVEVECWIGASGNNGRRHDFLVRDCKTGEILTRCTSLSVLMNTRTRRLSTIPDEVRGEIGPAFIDNVAVKDDEIKKLQKLNDSTADYIQGGLTPRWNDLDVNQHVNNLKYVAWVFETVPDSIFESHHISSFTLEYRRECTRDSVLRSLTTVSGGSSEAGLVCDHLLQLEGGSEVLRARTEWRPKLTDSFRGISVIPAEPRV,2
"UcFatB1(R197M-M199H-T231K)",MTSLASAFCSMKAVMLARDGRGMKPRSSDLQLRAGNAPLKMINGTKFSYTESLKRLPDWSMLFAVITTIFSAAEKQWTNLEWKPKLPQLLDDHFGLHGLVFRRTFAIRSYEVGPDRSTSILAVMNHMQEATLNHAKSVGILGDGFGTTLEMSKRDLMWVVRRTHVAVERYPTWGDTVEVECWIGASGNNGRRHDFLVRDCKTGEILTRCTSLSVLMNTRTRRLSKIPDEVRGEIGPAFIDNVAVKDDEIKKLQKLNDSTADYIQGGLTPRWNDLDVNQHVNNLKYVAWVFETVPDSIFESHHISSFTLEYRRECTRDSVLRSLTTVSGGSSEAGLVCDHLLQLEGGSEVLRARTEWRPKLTDSFRGISVIPAEPRV,1
UcFatB1(T231K),MTSLASAFCSMKAVMLARDGRGMKPRSSDLQLRAGNAPLKMINGTKFSYTESLKRLPDWSMLFAVITTIFSAAEKQWTNLEWKPKLPQLLDDHFGLHGLVFRRTFAIRSYEVGPDRSTSILAVMNHMQEATLNHAKSVGILGDGFGTTLEMSKRDLMWVVRRTHVAVERYPTWGDTVEVECWIGASGNNGMRRDFLVRDCKTGEILTRCTSLSVLMNTRTRRLSKIPDEVRGEIGPAFIDNVAVKDDEIKKLQKLNDSTADYIQGGLTPRWNDLDVNQHVNNLKYVAWVFETVPDSIFESHHISSFTLEYRRECTRDSVLRSLTTVSGGSSEAGLVCDHLLQLEGGSEVLRARTEWRPKLTDSFRGISVIPAEPRV,3
Ulmus_americana,MLPDWSMLLAAITTLFLAAEKQWMMLDWKPKRPDMLVDPFGLGRFVQDGLVFRNNFSIRSYEIGADRTASIETLMNHLQETALNHVKSVGLLEDGLGSTREMSLRNLIWVVTKMQVAVDRYPTWGDEVQVSSWATAIGKNGMRREWIVTDFRTGETLLRATSVWVMMNKLTRRISKIPEEVWHEIGPSFIDAPPLPTVEDDGRKLTRFDESSADFIRXGLTPRWSDLDINQHVNNVKYIGWLLESAPPEIHESHEIASLTLEYRRECGRDSVLNSATKVSDSSQLGKSAVECNHLVRLQNGGEIVKGRTVWRPKRPLYNDGAVVDVXAKTS,3
Umbellularia_californica_(UcFatB1),MLEWKPKPKLPQLLDDHFGLHGLVFRRTFAIRSYEVGPDRSTSILAVMNHMQEATLNHAKSVGILGDGFGTTLEMSKRDLMWVVRRTHVAVERYPTWGDTVEVECWIGASGNNGMRRDFLVRDCKTGEILTRCTSLSVLMNTRTRRLSTIPDEVRGEIGPAFIDNVAVKDDEIKKLQKLNDSTADYIQGGLTPRWNDLDVNQHVNNLKYVAWVFETVPDSIFESHHISSFTLEYRRECTRDSVLRSLTTVSGGSSEAGLVCDHLLQLEGGSEVLRARTEWRPKLTDSFRGISVIPAEPRV,3
Umbellularia_californica_(UcFatB2),MAGKEQNSCKMINGTKVKDTEGLKGRSTLHGWSMPLELITTIFSAAEKQWTNLVSKPPQLLDDHLGLHGLVFRRTFAIRCSEVGPDRSTSIVAVMNYLQEAACNHAESLGLLGDGFGETLEMSRRDLIWVVRRTHVVVERYPAWGDTVEVEAWIGAAGNIGMRRHFLVRDCKTGHILARCTSVSVMMNMRTRRLSKIPQEVRGEIDPLFIEKFAVKEGEIKKLQKFNDSTADYIQGGWTPRWNDLDVNQHVNNIKYVGWIFKSVPDSIYENHHLSSITLEYRRECTRGRALQSLTTVCGGSSEAGIICEHLLQLEDGSEVLRGRTDWRPKRTDSFEGISERFPQQEPHN,3
