enz_23,-----------------------------------------------------------------------------------------------------MLLTA------------ITTVFVAPEKRWTMFDR--KSKRPNML---MDSFGLERVVQDGLVFRQSFSIRSYEICADRTASIETVMNHVQETSLNQCKSI-GLLDDGFGRSPEMCKRDLIWVVTRMKIMVNRYPTWGDTIEVSTWLSQSGKIGMGRDWLISDCNTGE-------ILVRATSVYAMMNQKTRRFSKLPHEVRQEFAPHFLDSPPA----------IEDNDG-KLQK----FDVKT---GDSIRKGLTPGWYDLDVNQHVSNVKYIGWILESMPTEVLETQELCSLTLEYRRECGRDSVLESVTSMD--------------------------PSKVGDR---------FQYRHLLRLED---------GADIMKGRTEW--RPKNAGT-NGA--ISTGKT-----------------------,0.98
enz_113,-----------------------------------------------------------------------------------------------MLPDWSMLLAA------------ITTLFLAAEKQWMMLDW--KPKRPDML---VDPFGLGRFVQDGLVFRNNFSIRSYEIGADRTASIETLMNHLQETALNHVKSV-GLLEDGLGSTREMSLRNLIWVVTKMQVAVDRYPTWGDEVQVSSWATAIGKNGMRREWIVTDFRTGE-------TLLRATSVWVMMNKLTRRISKIPEEVWHEIGPSFIDAPPLP--------TVEDDGR-KLTR----FDESS---ADFIRXGLTPRWSDLDINQHVNNVKYIGWLLESAPPEIHESHEIASLTLEYRRECGRDSVLNSATKVS----------------------------DSSQL----GKSA-VECNHLVRLQN---------GGEIVKGRTVW--RPKRPLYNDGAVVDVXAKTS----------------------,0.81
enz_81,-----------------------------------------------------------------------------------------------MLPDWSVLLAA------------ITTIFLAAEKQWTLIDW--KRGGPDML---TDAFGLGKIIENGLIYRQNFSIRSYEIGADQTASIETLMNHLQETALNHVRCA-GLLGNGFGSTPEMSKRNLIWVVTKMQVLVEHYPSWGDVIEVDTWAGGSGKNGMRRDWHVRDSQTGQ-------TIMRASSNWVMMNKSTRKLSKFPEEVRAEIRPYFMDRVPI----------IDEDNR-KLPK----LDDDT---ADHVRSGLTPKWSDLDVNQHVNNVKYLGWILESAPISMLESHELASFTLEYRRECGRDGVLQSLTAVS--------------------------ADCSAGP----AELP-IECQHLLRLEG---------GSELVKGRTEW--RPKKH-------GPFPAGSP----------------------,0.05
enz_82,-----------------------------------------------------------------------------------------------MLPDWSVLLAA------------ITTIFLAAEKQWTLIDW--KRGGPDML---SDAFGLPKIIENGLLYRQKFSIRSYEIGADQTASIETLMNHLQETALNHVKCA-GLLGNGFGSTPEMSKMNLIWVVTKMQVLVEHYPSWGDVIEVDTWAAASGKNGMRRDWHVRDWQTGQ-------TIMRASSNWVMMNQNTRRLSKFPEEVRAEIEPYFMERAPV----------IDDDNR-KLPK----LDDDT---ADHVRNGLTPRWSDLDVNQHVKNVKYIGWILESAPISILESHELASMTLEYRRECGRDSVLQSLTSVS--------------------------NNCTDGS----EELP-IECQHLLRNEG---------GSEIVKGRTEW--RPKKC-------GPFGAGRP----------------------,0.09
enz_107,-----------------------------------------------------------------------------------------------MLPDWSMLLAA------------VTTIFLAAEKQWTLLDW--KPKKPDML---VDTFGFGRIIQDGLVFRQNFLIRSYEIGADRTASIETLMNHLQETALNHVKTA-GLLGDGFGATPEMSKRNLIWVVSKIQLLVEQYPSWGDMVQVDTWVAAAGKNGMRRDWHVRDYNSGR-------TILRATSVWVMMNKNTRRLSKMPDEVRAEIGPYFNGRSAI----------TDEQSE-KLAKPGSTSDGDTM--KQFIRKGLTPRWGDLDVNQHVNNVKYIGWILESAPISILEKHELASMTLDYRKECGRDSVLQSLTTVA--------------------------GECVDGH----ADST-IQCDHLLQLES---------GADIVKAHTEW--RPKRAHGGEGNMGFFPAESA----------------------,0.06
enz_108,-----------------------------------------------------------------------------------------------MLPDWSMLLAA------------ITTIFLAAEKQWTMLDW--KPRRPDML---TDTFGFGRIIHDGLMFRQNFSIRSYEIGADRTASIETLMNHLQETALNHVKTA-GLLGDGFGSTPEMSKRNLFWVVSQMQAIVERYPCWGDTVEVDTWVSANGKNGMRRDWHIRDSITGH-------TILKATSKWVMMNKLTRKLARIPDEVRTEIEPYFFERSAI----------VDEDNR-KLPK---LPDGQSTSAAKYVRTGLTPRWADLDINQHVNNVKYIAWILESAPISILENHELASIVLDYKRECGRDSVLQSHTSVQTD-----------------------CNSESGET----T----LHCEHVLSLES---------GPTMVKARTMW--RPKRTKA-QETVVPSSF-------------------------,0.1
enz_8,-----------------------------------------------------------------------------------------------MLPDWSVLLAA------------VTTIFLAAEKQWTLLDW--KPRRPDML---TDAFSLGKIVQDGLIFRQNFSIRSYEIGADRTASIETLMNHLQETALNHVRNA-GLLGDGFGATPEMSKRNLIWVVTKMQVLVEHYPSWGDVVEVDTWVGASGKNGMRRDWHVRDYRTGQ-------TILRATSVWVMMNKHTRKLSKMPEEVRAEIGPYFVEHAAI----------VDEDSR-KLPK----LDDDT---ADYIKWGLTPRWSDLDVNQHVNNVKYIGWILESAPISILENHELASMTLEYRRECGRDSVLQSLTAIS--------------------------NDCTGGL----PEAS-IECQHLLQLEC---------GAEIVRGRTQW--RPRRAS------GPTSAGSA----------------------,0.17
enz_9,-----------------------------------------------------------------------------------------------MLPDWSVLLAA------------VTTIFLAAEKQWTLLDW--KPRRPDML---ADAFGLGKIVQDGLVFKQNFSIRSYEIGADRTASIETLMNHLQETALNHVKSA-GLMGDGFGATPEMSKRNLIWVVTKMRVLIERYPSWGDVVEVDTWVGPTGKNGMRRDWHVRDHRSGQ-------TILRATSVWVMMNKNTRKLSKVPEEVRAEIGPYFVERAAI----------VDEDSR-KLPK----LDEDT---TDYIKKGLTPRWGDLDVNQHVNNVKYIGWILESAPISILENHELASMSLEYRRECGRDSVLQSLTAVS--------------------------NDLTDGL----VESG-IECQHLLQLEC---------GTELVKGRTEW--RPKHSPA-LGNMGPTPGGSA----------------------,0.03
enz_10,-----------------------------------------------------------------------------------------------MLPDWSMLLAA------------IRTIFSAAEKQWTLLDS--KKRGADAV---ADASGVGKMVKNGLVYRQNFSIRSYEIGVDKRASVEALMNHFQETSLNHCKCI-GLMHGGFGCTPEMTRRNLIWVVAKMLVHVERYPWWGDVVQINTWISSSGKNGMGRDWHVHDCQTGL-------PIMRGTSVWVMMDKHTRRLSKLPEEVRAEITPFFSERDAV----------LDDNGR-KLPK----FDDDS---AAHVRRGLTPRWHDFDVNQHVNNVKYVGWILESVPVWMLDGYEVATMSLEYRRECRMDSVVQSLTAVSS-------------------------DHADGSP---------IVCQHLLRLED---------GTEIVRGQTEW--RPKQQARDLGNMGLHPTESK----------------------,0.52
enz_27,-----------------------------------------------------------------------------------------------MLPDWSMLVSA------------ITTVFVAAEKQWTMLDR--KSKRPDVL---VEP-----FVQDGVSFRQSFSIRSYEIGVDRTASIETLMNIFQETSLNHCKSL-GLLNDGFGRTPEMCKRDLIWVVTKMQIEVNRYPTWGDTIEVTTWVSESGKNGMSRDWLISDCHSGE-------ILIRATSVWAMMNQKTRRLSKIPDEVRQEIVPYFVDSAPV----------IED-DR-KLHK----LDVKT---GDSIRNGLTPRWNDFDVNQHVNNVKYIAWLLKSVPTEVFETQELCGLTLEYRRECRRDSVLESVTAMD--------------------------PSKEGDR---------SLYQHLLRLEN---------GADIALGRTEW--RPKNAGA-TGA--VSTGKTSNGNSVS----------------,0.15
enz_77,-----------------------------------------------------------------------------------------------MLPDWSVLLAA------------VTTIFLAAEKQWTLLDW--KPRRPDML---TGAFSLGKIVQDGLVFRQNFSIRSYEIGADRTASIETLMNHLQETALNHVRNA-GLLGDGFGATPEMSKRNLIWVVTKMQVLIEHYPSWGDVVEVDTWVGASGKNGMRRDWHVRDYRTGQ-------TILRATSIWVMMDKHTRKLSKMPEEVRAEIGPYFMEHAAI----------VDEDSR-KLPK----LDDDT---ADYIKWGLTPRWSDLDVNQHVNNVKYIGWILESAPISILENHELASMTLEYRRECGRDSVLQSLTAVA--------------------------NDCTGGL----PEAS-IECQHLLQLEC---------GAEIVRGRTQW--RPRRAS------GPTSAGSA----------------------,0.24
enz_86,-------------------------------------------------------------------------------------------------------MAA------------IAGVALAAENQ----------RRHDKTEVPVDVFRQGRLVESRLVYGQTFVIRSYEIGADRTASIETMMNHFQETALNHVWMS-GLAGDGFGATRAMSCNNLIWVVTRMQVHVEQYPAWGNIVEMDTWVAASGKNGMRRDWLVRDYKSGQ-------ILARATSIWVMMNRKTRKLSKMPEEVRAEISPYFLERFAIK--------DEDEMTQ-KICR----LNGS----AEYVRSGLTPRRSDLDMNQHVNNVKYIGWMLETVPPAVLDGYELVSMNLEYRRECGQSDVVQSMTTAD------------------------------GGN---------LQFVHLLRMES-----D---GAEIVRGRTRW--RPKKLNH---------SQLS----------------------,0.1
enz_109,--MAALE--------------------------------------------------TSINRSLAE------------------LSAP-------VLP----LLPATGGDGDVGGGEERSRQNIPTEKQ------------------MVDPFRQALIVEGGVRYQQTLVVRSYEVGPDKTATLETVLNLLQETALNHVWMS-GLLGDGFGATHGMIRNNLIWVVSRMHVQVDQYP---------------------------------------------ICTWVMMNKVTRRLSKMPEEVRGEIAPWFIDRHAI----------QEEAAE-KIIK----LD---------------------------SNAMYIHSDLKTLPDHFLQQNQLRSITLEYRKECGSSDVVQSICQPDDDSIPPQENVTMAIGPSLSPEIISGHHSLAGAL----QQSP-MKYTHLLQLKA----GDK--YEEIVRGRTTW--KKKTYNAP----------------------------------,0.06
enz_85,--MATSK----------------------------------------------------------------------------------------VRPRSRTRLRA------------IESDTARSAKQ--------HAVDTDLE---VPEWHSRSLIEDGRAFTETFPVRFDEVGPNKKTTMRTIASMLQECACNHAQ---GIWGRSQAMPADMKAQNLGWVCTRLHIVVDEYPAWGDMVEVRTWFDSQGKIAARRDWDMYYCTGDEEPNEQCASVGRATSQWVAFNIAKRKLARIPATV----IPQFREQARKTRALKNTPVMGDDYDPDKLPD----VREMS---GAIAPTTQSVRRNDLDMNGHVNNVVYTEWLLEAVPHYMWNEFELTELVLEFREECGYGDLVDAVSANE-----------------------KRVRTEFGQE-----NAG-VSMAHMLLRKSKGGSGDGA-PTEVVRARTVWKARPRSPDL------PAPAR------------------------,0.04
enz_114,-----------------------------------------------------------------------------------------------------------------------------------MLEWKPKPKLPQLL---DDHFGL-----HGLVFRRTFAIRSYEVGPDRSTSILAVMNHMQEATLNHAKSV-GILGDGFGTTLEMSKRDLMWVVRRTHVAVERYPTWGDTVEVECWIGASGNNGMRRDFLVRDCKTGE-------ILTRCTSLSVLMNTRTRRLSTIPDEVRGEIGPAFIDNVAV----------KDDEIK-KLQK----LNDST---ADYIQGGLTPRWNDLDVNQHVNNLKYVAWVFETVPDSIFESHHISSFTLEYRRECTRDSVLRSLTTVS------------------------------GGS----SEAG-LVCDHLLQLEG---------GSEVLRARTEW--RPKLTDSFRGISV-IPAEPRV---------------------,0.8271455115292411
enz_115,--MAGKEQNSC----------------------------------------------KMINGTKVKDTEGLKGRS--------------------TLHGWSMPLEL------------ITTIFSAAEKQWTNL----VSKPPQLL---DDHLGL-----HGLVFRRTFAIRCSEVGPDRSTSIVAVMNYLQEAACNHAESL-GLLGDGFGETLEMSRRDLIWVVRRTHVVVERYPAWGDTVEVEAWIGAAGNIGMRRHFLVRDCKTGH-------ILARCTSVSVMMNMRTRRLSKIPQEVRGEIDPLFIEKFAV----------KEGEIK-KLQK----FNDST---ADYIQGGWTPRWNDLDVNQHVNNIKYVGWIFKSVPDSIYENHHLSSITLEYRRECTRGRALQSLTTVC------------------------------GGS----SEAG-IICEHLLQLED---------GSEVLRGRTDW--RPKRTDSFEGISERFPQQEPHN--------------------,0.8013725490196079
enz_17,-----------------------------------------MP---------------------V----GLKSGGLKTQED-A-HSAPPPRTFINQLPDWSMLLAA------------ITTVFLAAEKQWMMLDW--KPKRPDML---VDPFGLGSIVQDGLVFRQNFSIRSYEIGADRTASIETVMNHLQETALNHVKIA-GLSNDGFGRTPEMYKRDLIWVVAKMQVMVNRYPTWGDTVEVNTWVAKSGKNGMRRDWLISDCNTGE-------ILTRASSVWVMMNQKTRRLSKIPDEVRNEIEPHFVDSPPV----------IEDDDR-KLPK----LDEKT---ADSIRKGLTPRWNDLDVNQHVNNVKYIGWILESTPPEVLETQELCSLTLEYRRECGRESVLESLTAMD--------------------------PSGGGYG---------SQFQHLLRLED---------GGEIVKGRTEW--RPKNGVI-NGV--VPTGESSPGDYS-----------------,0.02160760587726881
enz_7,-----------------------------------------------------------------------------------------------------------------------------------MLEWKPKPNPPQLL---DDHFGP-----HGLVFRRTFAIRSYEVGPDRSTSIVAVMNHLQEAALNHAKSV-GILGDGFGTTLEMSKRDLIWVVKRTHVAVERYPAWGDTVEVECWVGASGNNGRRHDFLVRDCKTGE-------ILTRCTSLSVMMNTRTRRLSKIPEEVRGEIGPAFIDNVAV----------KDEEIK-KPQK----LNDST---ADYIQGGLTPRWNDLDINQHVNNIKYVDWILETVPDSIFESHHISSFTIEYRRECTMDSVLQSLTTVS------------------------------GGS----SEAG-LVCEHLLQLEG---------GSEVLRAKTEW--RPKLTDSFRGISV-IPAESSV---------------------,0.1995982927441627
enz_84,----------------------------------------------------------------M----GSKVSTDTLKGEDTLTSSPAPRTFINQLPDWSMFLAA------------ITTIFLAAEKQWTNLDW--KPRRPDML---ADPFGIGRFMQDGLIFRQHFAIRSYEIGADRTASIETLMNHLQETALNHVRSA-GLLGDGFGATPEMSRRDLIWVVTRMQVLVDRYPAWGDIVEVETWVGASGKNGMRREWLVRDSQTGE-------ILTRATSVWVMMNKRTRRLSKIPEEVRGEIGPYFMEDVAI----------VEEDSR-KVQK----LNENT---ADSVRRGLTPRWSDLDVNQHVNNVKYIGWILESAPGSILESHELSCMTLEYRRECGKDSVLQSMTAVSG------------------------GGSAAGGS----PESS-VECDHLLQLES---------GPEVVRGRTEW--RPKSAKD-SRSILEMPAESS----------------------,0.23
enz_16,-----------------------------------------------------------------------------------------------MLPDWSRLLTA------------ITTVFVKS-KRPDMHDR--KSKRPDML---VDSFGLESTVQDGLVFRQSFSIRSYEIGTDRTASIETLMNHLQETSLNHCKST-GILLDGFGRTLEMCKRDLIWVVIKMQIKVNRYPAWGDTVEINTRFSRLGKIGMGRDWLISDCNTGE-------ILVRATSAYAMMNQKTRRLSKLPYEVHQEIVPLFVDS-PV----------IEDSDL-KVHK----FKVKT---GDSIQKGLTPGWNDLDVNQHVSNVKYIGWILESMPTEVLETQELCSLALEYRRECGRDSVLESVTAMD--------------------------PSKVGVR---------SQYQHLLRLED---------GTAIVNGATEW--RPKNAGA-NGA--ISTGKTSNGNSVS----------------,0.0
enz_79,-------------------------------------------------------------------------------------------------------MAV----------------KVDEQRTGVAVD-----VTEKRL---ADRLRMGSLTEDGLSYKERFIIRCYEVGINKTATVETIANLLQEVGGNHAQSV-GFSTDGFATTTTMRKLNLIWVTSRMHIEIYRYPAWSDVVEIETWCQGEGRIGTRRDWIIKDHANGE-------VIGRATSKWVMMNSETRRLQKVNDDIRDEYLIFCPKTLRLA--------FPEENNN-SLKK-IAKLEDP----AECSTLGLVPRRADLDMNKHVNNVTYIGWVLESIPQEVIDTHELQTITLDYRRECQHDDVVDSLTSSESPAV-------------------------NGCA----SGENLSKFLHLLR-SS----GE---GLELNRGRTEW--RKKPAKK-----------------------------------,0.0
enz_80,-----------------------------------------------------------------------------------------------MLPDWSMLLAA------------ITTIFLAAEKQWMMLEW--KTKRPDMIA-DMDPFGLGRIVQDGLVFRQNFSIRSYEIGADRTASIETLMNHLQETALNHVKSA-GLLGDGFGSTPEMCKKNLFWVVTKMQVIVDRYPTWGDVVQVDTWVAPNGKNGMRRDWLVRDYKTGE-------ILTRASSNWVMMNKETRRLSKIPDEVRGEIEHYFVDAPPV----------VEDDSR-KLSK----LDEST---ADYVRDGLIPRWSDLDVNQHVNNVKYIGWILESAP-QVVEKYELARITLEYRRECRKDSVVKSLTSVLGG-----------------------GDDDNGGI----GDSGRVDCQHVLLFAGG---GDGTPGGEIVKGRTQW--RPKYEKQ-DGSVDHFSAGNV----------------------,0.0
enz_78,-----------------------------------------------------------------------------------------------MLPDWSMLLAA------------ITTIFLAAEKQWMMLDW--KPRRPDMV---IDPFGIGKIVQDGLVFSQNFSIRSYEIGADQTASIETLMNHLQETAINHCRSA-GLLGEGFGATPEMCKKNLIWVVTRMQVVVDRYPTWGDVVQVDTWVSASGKNGMRRDWLVSNSETGE-------ILTRATSVWVMMNKLTRRLSKIPEEVRGEIEPFFMNSDPV----------LAEDSQ-KLVK----LDDST---AEHVCKGLTPKWSDLDVNQHVNNVKYIGWILESAPLPILESHELSALTLEYRRECGRDSVLQSLTTVS--------------------------DSNTENA----VNVGEFNCQHLLRLDD---------GAEIVRGRTRW--RPKHAKS-SANMDQITAKRA----------------------,0.001
enz_1,MVATSATSSFFPVPSSSLDPNGKGNKIGSTNLA----GLNSTPNSGRMKVKPNAQAPPKINGKRV----GLPGSVDIVRTDTETSSHPAPRTFINQLPDWSMLLAA------------ITTIFLAAEKQWMMLDW--KPRRSDML---VDPFGIGRIVQDGLVFRQNFSIRSYEIGADRSASIETVMNHLQETALNHVKTA-GLLGDGFGSTPEMFKKNLIWVVTRMQVVVDKYPTWGDVVEVDTWVSQSGKNGMRRDWLVRDCNTGE-------TLTRASSVWVMMNKLTRRLSKIPEEVRGEIEPYFVNSDPV----------LAEDSR-KLTK----IDDKT---ADYVRSGLTPRWSDLDVNQHVNNVKYIGWILESAPVGIMERQKLKSMTLEYRRECGRDSVLQSLTAVT--------------------------GCDIGNL----ATAGDVECQHLLRLQD---------GAEVVRGRTEW--SSKTPTT-TWGTAP----------------------------,0.0
enz_76,-----------------------------------------------------------------------------------------------MLPDWSMLLAA------------ITTIFLAAEKQWMMLDW--KPRRPDMI---IDSFGLGKIVQDGLVFRQNFSIRSYEIGADRTASVETMMNHLQETALNHVRAA-GLMADGFGATPEMSKRNLIWVVTKMQVLVDRYPKWGDVVQVETWIAAYGKNCMRRDWFVRDCKTGD-------IITRASSVWVMMNKETRRLSKIPHEVRCEIGSYFVDSPPV----------LAEDSR-KLRK----LDEST---ADYICTGLKPRWSDLDVNQHVNNVKYIGWILETAPQLILESHELCGMTLEYRRECGKDSVLQSMTAVS--------------------------GGAIGGL----VDPGYVECQHLLRLED---------GAEIVKARTHW--RPKYANC-LGSHGQLPAESA----------------------,0.083
enz_3,--------------------------------------------------------------------------------------------MINQLPDWSMLLAA------------ITTVFLAAEKQWMMLDW--KPRRSDVI---MYPFGLGRIVQDGLVFRQNFSIRSYEIGADRSASIETVMNHLQETALNHVKTA-GLLGDGFGSTPEMVKKNLIWVVTRMQVVVDKYPTWGDVVEVDTWVSKSGKNGMRRDWLVRDGNTGQ-------ILTRASSVWVMMNKLTRRLSKIPEEVRGEIEPYFVDSDPV----------LAEDSR-MLTK----LDDKT---ADYVRSGLTPRWSDLDVNQHVNNVKYIGWILESAPVGMMESQKLKSMTLEYRRECGRDSVLQSLTAVS--------------------------GCDIGNL----GTAGEVECQHLLRLQD---------GAEVVRGRTEW--SSKTPTT-TWDITP----------------------------,0.0
enz_4,--------------------------------------------------------------------------------------------MINQLPDWSMLLAA------------ITTVFLAAEKQWMMLDW--KPRRSDMI---MDPFGLGRIVQDGLVFRQNFSIRSYEIGADRSASIETVMNHLQETALNHVKTA-GLLGDGFGSTPEMVRKNLIWVVTRMQVVVDKYPTWGDVVEVDTWVSQSGKNGMRRDWLVRDGNTGE-------ILTRASSVWVMMNKLTRRLSKIPEEVRGEIEPYFVDSDPV----------LAEDSR-KLTK----LDDKT---ADYVRSGLTPRWNDLDVNQHVNNVKYIGWILESAPVGMMESQKLKSMTLEYRRECGRDSVLQSLTAVS--------------------------GCDIGNL----GTAGEVECQHLLRLQD---------GAEVVRGRTEW--SSKTPTT-TWDITS----------------------------,0.0
enz_5,--------------------------------------------------------------------------------------------MINQLPDWSMLLAA------------ITTVFLAAEKQWMMLNW--KPRRSDMI---MDPFGLGRIVQDGLVFRQNFSIRSYEIGADRSASIETVMNHLQETALNHVKTA-GLLRDGFGSTPEMVKKNLIWVVTRMQVVVDTYPTWGDVVEVDTWVSKSGKNGMRRDWLVRDGNTGQ-------ILTRASSVWVMMNKLTRRLSKIPEEVRGEIEPYFVDSDPV----------LAEDSR-KLTK----LDDKT---ADYVRSGLTPRWSDLDVNQHVNNVNYIGWILESAPVGMMESQKLKSMTLEYRRECGRDSVLQSLTAVS--------------------------GCDIGNL----GTAGEVECQHLLRLQD---------GAEVVRGRTEW--SSKTPTT-TWDITS----------------------------,0.0
enz_6,--------------------------------------------------------------------------------------------MINQLPDWSMLLAA------------ITTVFLAAEKQWMMLDW--KPRRSDMI---MDPFGLGRIVQDGLVFRQNFSIRSYEIGADRSASIETVMNHLQETALNHVKTA-GLLGDGFGSTPEMVKTNLIWVVTRMQVVVDKYPTWGDVVEVDTWVSKSGKNGMRRDWLVRDGNTGQ-------ILTRASSVWVMMNKLMRRLSKIPEEVRGEIEPYFVDSDPV----------LAEDSR-KLTK----LDDKT---ADYVRSGLTPRWSDLDVNQHVNNVKYIGWILESAPVGMMESQKLKSMTLEYRRECGRDSVLQSLTAVS--------------------------GCDIGNL----GTAGEVECQHLLRLQD---------GAEVVRGRTEW--SSKTPTT-TWDITP----------------------------,0.0
enz_0,-------------------------------------------------------------------------------------------------------MAVGFG---YPMNRVLSVRAIVSDRDGAVVNR--VGAEAGTL---ADRLRLGSLTEDGLSYKEKFIVRSYEVGINKTATVETIANLLQEVGCNHAQSV-GYSTDGFATTPTMRKLGLIWVTARMHIEVYKYPAWSDVVEIETWCQGEGRVGIRRDFILKDYATDQ-------VIGRATSKWLMMNQETRRLQKVSDDVREEVLIYCPREPRLA--------IPEEDSN-CLKK-IPKLEDP----GQYSRLRLMPRRADLDMNQHVNNVTYIGWVLESMPQEIIDSHELHSITLDYRRECQRDDIVDSLTSIEGDGVL------------------LEVNGTNGSSVAWEHGHAYQQFLHLLKLST----DE---GLEINRGRTAW--RKKASRL-----------------------------------,0.0422
enz_88,-----------------------------------------------------------------------------------------------MLPDWSMLLAA------------ITTIFLAAEKQWMMLDW--KPRRPDML---IDPFGIGRIVQDGLIFRQNFSIRSYEIGADRTASIETLMNHLQETALNHVKTA-GLLGDGFGSTPEMSKRNLIWVVTRMQVLVDRYPTWGDVVQVDTWVSKSGKNGMRRDWCVRDSRTGE-------TLTRASSVWVMMNKLTRRLSKIPEEVRGEIEPYFLNSDPI----------VDEDSR-KLPK----LDDSN---ADYVRKGLTPRWSDLDINQHVNNVKYIGWILESAPLPILESHELSAITLEYRRECGRDSVLQSLTAVS--------------------------GNGIGNL----GNAGDIECQHLLRLED---------GAEIVRGRTEW--RPKYSSN-FGIMGQIPVESA----------------------,0.001
enz_83,-----------------------------------------------------------------------------------------------MLPDWSMLLAA------------ITTIFLAAEKQWMMLDW--KPRRPDML---IDPFGLGRIVQDGLVFRQNFSIRSYEIGADRTASIETLMNHLQETALNHVKTA-GLLGEGFGSTPEMSKRNLIWVVTRMQVLVDRYPTWGDVVEVDTWVSASGKNGMRRDWLVRDSKTGE-------TLTRASSVWVMMNKLTRRLSKIPEEVRGEIEPYFLNSDPI----------VDEDGR-KLPK----LDDNT---ADYVCKGLTPRWSDLDVNQHVNNVKYIGWILESAPLPILESHELSSIIMEYRRECGRDSVLQSLTAVS--------------------------GTGLGNL----GNAGEIECQHLLRLEE---------GAEIVRGRTAW--RPKYRSN-FGIMGQIPVESA----------------------,0.0
enz_22,-----------------------------------------------------------------------------------------------------MLLSA------------VTTVFGVAEKQWPMLDR--KSKRPDML---VEPLGVDRIVYDGVSFRQSFSIRSYEIGADRTASIETLMNMFQETSLNHCKII-GLLNDGFGRTPEMCKRDLIWVVTKMQIEVNRYPTWGDTIEVNTWVSASGKHGMGRDWLISDCHTGE-------ILIRATSVWAMMNQKTRRLSKIPYEVRQEIEPQFVDSAPV----------IVD-DR-KFHK----LDLKT---GDSICNGLTPRWTDLDVNQHVNNVKYIGWILQSVPTEVFETQELCGLTLEYRRECGRDSVLESVTAMD--------------------------PSKEGDR---------SLYQHLLRLED---------GADIVKGRTEW--RPKNAGA-KGA--ILTGKTSNGNSIS----------------,0.09
enz_12,----------------------------------------------------------MANGSAV----TLKSGSLNTQED-TLSSSPPPRAFFNQLPDWSMLLTA------------ITTVFVAPEKRWTMFDR--KSKRPNML---MDSFGLERVVQDGLVFRQSFSIRSYEICADRTASLETVMNHVQETSLNQCKSI-GLLDDGFGRSPEMCKRDLIWVVTRMKIMVNRYPTWGDTIEVSTWLSQSGKIGMGRDWLISDCSTGE-------ILVRATSVYAMMNQKTRRFSKLPHEVRQEFAPHFLDSPPA----------IEDNDG-KLQK----FDVKT---GDSIRKGLTPGWYDLDVNQHVSNVKYIGWILESMPTEVLETQELCSLTLEYRRECGRDSVLESVTSMD--------------------------PSKVGDR---------FQYRHLLRLED---------GADIMKGRTEW--RPKNAGT-NGV--ISTGKT-----------------------,0.9835654596100278
enz_11,----------------------------------------------------------MANGSAV----SLKSGSIETQEDKTSSSSPPPRTFINQLPVWSMLLSA------------VTTVFGVAEKQWPMLDR--KSKRPDML---MEPLGVDRIVYDGVSFRQSFSIRSYEIGADRTASIETLMNMFQETSLNHCKII-GLLNDGFGRTPEMCKRDLIWVVTKMQIEVNRYPTWGDTIEVNTWVSASGKHGMGRDWLISDCHTGE-------ILIRATSVWAMMNQKTRRLSKIPYEVRQEIEPQFVDSAPV----------IED-DR-KLHK----LDLKT---GISICNGLTPRWTDLDVNQHVNNVKYIGWILQSVPTEVFEKQELCGLTLEYRRECGRDSVLESVTAMD--------------------------PSKEGDR---------SLYQHLLRLED---------GADIVKGRTEW--RPKNAGA-NGA--ISTGKTSNGNSIS----------------,0.05519897304236199
enz_18,----------------------------------------------------------MANGSAV----SLKSDTLETQED-TSSSSPPPRTFINQLPDWSMLLSA------------FTNVFVAAEKQWTMLDR--KYKRPDML---VESSGVDRTDLDGVLFRQSFSIRSYEIGADRTASIETLMNIFQETSLNHCKSN-GLLNDGFGRTPEMCKRDLIWVVTKMQIEVNRYPTWGDNIEVTTWVSESGKNGMGRHWLISDCHTGE-------ILIRATRRVAMMNQKTRRLSKLPYEVRQEIAPHFVDSAHV----------IED-DR-KLHK----LEVKT---GDSIRNGLTPRWNDLDVNQHVNNVKYIGWILKSVPTEVFVTQELCGLTLEYRRECRRDSVLESVTAMD--------------------------PSKEGDR---------SLYQHLLRLEN---------GADIALGRTEW--RPKNAGA-NGA--ISTGKTSNGNS------------------,0.01383399209486166
enz_24,----------------------------------------------------------MANGSAV----SLKDGSLETQEG-TSSSSHPPRTFINQLPDWSMLLSA------------ITTVFVAAEKQWTMLDR--KSKRPDML---VEP-----FVQDGVSFRQSFSIRSYEIGADRTASIETLMNIFQETSLNHCKSL-GLLNDGFGRTPEMCKRDLIWVVTKMQIEVNRYPTWGDTIEVTTWVSESGKNGMSRDWLISDCHTGE-------ILIRATSVWAMMNQKTRRLSKIPDEVRQEIVPYFVDSAPV----------IED-DR-KLHK----LDVKT---GDSIRNGLTPRWNDLDVNQHVNNVKYIGWILKSVPTEVFVTQELCGLTLEYRRECRRDSVLESVTAMD--------------------------PSKEGDR---------SLYQHLLRLEN---------GADIALGRTEW--RPKNAGT-NGA--ISTTKTSPGNSVS----------------,0.008606777837547068
enz_19,----------------------------------------------------------MANGSAV----NLKSGSLNTQED-S-SSSPSPRAFLNQLPDWSVLLTA------------ITTVFVAAEKQWTMLDR--KSKRPDVL---VDSVGLKSIVRDGLVSRQSFSIRSYEIGADRTASIETLMNHLQETSINHCKSL-GLLNDGFGRTPGMCKNDLIWVLTKMQIMVNRYPAWGDTVEINTWFSQSGKIGMGSDWLISDCNTGE-------ILIRATSVWAMMNQKTRRFSRLPYEVRQELTPHFVDSPHV----------IEDNDR-KLHK----FDVKT---GDSIRKGLTPRWNDLDVNQHVSNVKYIGWILESMPIEVLETQELCSLTVEYRRECGMDSVLESVTAMD--------------------------PSEDGGR---------SQYNHLLRLED---------GTDVVKGRTEW--RPKNAGT-NGA--ISTTKTSPGNSVS----------------,0.570915619389587
enz_20,--------------------------MG-------------------------------INGSSV----GLKSGSLKTQED-T-PSAPPPRTFINQLPDWSMLLAA------------ITTVFLAAEKQWMMLDW--KPKRPDML---VDPFGLGSIVQNGLVFRQNFSIRSYEIGADRTASIETVMNHLQETALNHVKSA-GLLNDGFGRTPEMYKRDLIWVVAKMQVMVNRYPTWGDTVEVNTWVAKSGKNGMRRDWLISDCNTGE-------ILTRASSVWVMMNQKTRRLSKIPDEVRHEIEPHFVDSAPV----------IEDDDR-KLPK----LDENT---ADSIRKGLTPKWNDLDVNQHVNNVKYIGWILESTPQEVLETQELCSLTLEYRRECGRESVLESLTAVD--------------------------PSEKGFG---------SQFQHLLRLED---------GGEIVKGRTEW--RPKTAGI-NGA--IASRETSPGDF------------------,0.010752688172043012
enz_15,--------------------------MG-------------------------------INGSSV----GLKSGSLKTQED-T-PSSPPPRTFINQLPDWSMLLAA------------ITTVFLAAEKQWMMLDW--KPKRPDML---VDPFGLGRIVQDGLVFRQNFSIRSYEIGADRTASIETLMNHLQETALNHVKSA-GLLNDGFGRTPEMYKRDLIWVVAKMQVMVNRYPTWGDTVEVNTWVAKSGKNGMRRDWLISDCNTGE-------ILTRASSVWVMMNQKTRRLSKIPDEVRHEIEPHFVDSPPV----------IEDDDR-KLPK----LDEKT---ADSIRKGLTPRWNDLDVNQHVNNVKYIGWILESTPQEVLETQELCSLTLEYRRECGRDSVLESLTAVD--------------------------HSGKGSG---------SNFQHLLRLED---------GGEIVKGRTEW--RPKNAVI-NGA--VAPGETSPGNSVS----------------,0.007917656373713382
enz_21,----------------------------------------------------------MANGAAV----NLKSGSLNTQED-T-SSSPPPRAFLNQLPDWSMLLTA------------ITTVFVAAEKQWTMLDR--KSKRPDML---VDSVGLKNIVRDGLVSRQSFSIRSYEIGADRTASIETLMNHLQETSINHCKSL-GLLNDGFGRTPGMCKNDLIWVLTKMQILVNRYPAWGDTVEINTWFSQSGKIGMGSDWLISDCNTGE-------ILIRATSVWAMMNQKTRRFSRLPYEVRQELTPHFVDSPHV----------IEDNDR-KLHK----FDVKT---GDSIRKGLTPRWNDLDVNQHVSNVKYIGWILESMPIEVLETQELCSLTVEYRRECGMDSVLESVTARD--------------------------PSEDGGR---------SQYNHLLRLED---------GTDVVKGRTEW--RSKNAGT-NGA--TSTAKTSNGNSVS----------------,0.5273865414710486
enz_13,----------------------------------------------------------MANGSAV----SLKSGSLNTQED-T-SSSPPPRTFLHQLPDWSRLLTA------------ITTVFVKS-KRPDMHDR--KSKRPDML---MDSFGLESIVQEGLEFRQSFSIRSYEIGTDRTASIETLMNYLQETSLNHCKST-GILLDGFGRTPEMCKRDLIWVVTKMKIKVNRYPAWGDTVEINTWFSRLGKIGKGRDWLISDCNTGE-------ILIRATSAYATMNQKTRRLSKLPYEVHQEIAPLFVDSPPV----------IEDNDL-KLHK----FEVKT---GDSIHKGLTPGWNDLDVNQHVSNVKYIGWILESMPTEVLETQELCSLALEYRRECGRDSVLESVTAMD--------------------------PTKVGGR---------SQYQHLLRLED---------GTDIVKCRTEW--RPKNPGA-NGA--ISTGKTSNGNSVS----------------,0.4727272727272728
enz_95,-----------------------------------------------------------------------------------------------MLPDWSMLLTA------------ITTVFVAAEKQWTMLDR--KSKRPDML---VDSVGLKSIVRDGLVSRHSFSIRSYEIGADRTASIETLMNHLQETTINHCKSL-GLHNDGFGRTPGMCKNDLIWVLTKMQIMVNRYPTWGDTVEINTWFSQSGKIGMASDWLISDCNTGE-------ILIRATSVWAMMNQKTRRFSRLPYEVRQELTPHFVDSPHV----------IEDNDQ-KLRK----FDVKT---GDSIRKGLTPRWNDLDVNQHVNNAKYIGWILESTPPEVLETQELCSLTLEYRRECGRESVLESLTAVD--------------------------PSGEGYG---------SQFQHLLRLED---------GGEIVKGRTEW--RPKNAGI-NGV--VPSEESSPGDYS-----------------,0.9269999999999999
enz_98,-----------------------------------------------------------------------------------------------MLPDWSMLLTA------------ITTVFVAAEKQWTMLDR--KSKRPDML---VDSVGLKSIVRDGLVSRHSFSIRSYEIGADRTASIETLMNHLQETTINHCKSL-GLHNDGFGRTPGMCKNDLIWVLTKMQIMVNRYPTWGDTVEINTWFSQSGKIGMASDWLISDCNTGE-------ILIRATSVWAMMNQKTRKLSKIPDEVRREIEPHFVDSAPV----------IEDDDR-KLPK----LDEKS---ADSIRKGLTPRWNDLDVNQHVSNVKYIGWILESMPIEVLETQELCSLTVEYRRECGMDSVLESVTAVD--------------------------PSENGGR---------SQYKHLLRLED---------GTDIVKSRTEW--RPKNAGT-NGAISTSTAKTSNGNSVS----------------,0.885
enz_106,-----------------------------------------------------------------------------------------------MLPDWSMLLTA------------ITTVFVAAEKQWTMLDR--KSKRPDML---VDSVGLKSIVRDGLVSRHSFSIRSYEIGADRTASIETLMNHLQETTINHCKSL-GLHNDGFGRTPGMCKNDLIWVLTKMQIMVNRYPTWGDTVEVNTWVAKSGKNGMRRDWLISDCNTGE-------ILTRASSVWVMMNQKTRRFSRLPYEVRQELTPHFVDSPHV----------IEDNDQ-KLRK----FDVKT---GDSIRKGLTPRWNDLDVNQHVSNVKYIGWILESMPIEVLETQELCSLTVEYRRECGMDSVLESVTAVD--------------------------PSENGGR---------SQYKHLLRLED---------GTDIVKSRTEW--RPKNAGT-NGAISTSTAKTSNGNSVS----------------,0.38799999999999996
enz_89,-----------------------------------------------------------------------------------------------MLPDWSMLLTA------------ITTVFVAAEKQWTMLDR--KSKRPDML---VDSVGLKSIVRDGLVSRHSFSIRSYEIGADRTASIETLMNHLQETTINHCKSL-GLHNDGFGRTPGMCKNDLIWVLTKMQIMVNRYPTWGDTVEVNTWVAKSGKNGMRRDWLISDCNTGE-------ILTRASSVWVMMNQKTRKLSKIPDEVRREIEPHFVDSAPV----------IEDDDR-KLPK----LDEKS---ADSIRKGLTPRWNDLDVNQHVSNVKYIGWILESMPIEVLETQELCSLTVEYRRECGMDSVLESVTAVD--------------------------PSENGGR---------SQYKHLLRLED---------GTDIVKSRTEW--RPKNAGT-NGAISTSTAKTSNGNSVS----------------,0.8669999999999999
enz_90,-----------------------------------------------------------------------------------------------MLPDWSMLLTA------------ITTVFVAAEKQWTMLDR--KSKRPDML---VDSVGLKSIVRDGLVSRHSFSIRSYEIGADRTASIETLMNHLQETTINHCKSL-GLHNDGFGRTPGMCKNDLIWVLTKMQIMVNRYPTWGDTVEVNTWVAKSGKNGMRRDWLISDCNTGE-------ILTRASSVWVMMNQKTRKLSKIPDEVRREIEPHFVDSAPV----------IEDDDR-KLPK----LDEKS---ADSIRKGLTPRWNDLDVNQHVNNAKYIGWILESTPPEVLETQELCSLTLEYRRECGRESVLESLTAVD--------------------------PSGEGYG---------SQFQHLLRLED---------GGEIVKGRTEW--RPKNAGI-NGV--VPSEESSPGDYS-----------------,0.81
enz_91,-----------------------------------------------------------------------------------------------MLPDWSMLLTA------------ITTVFVAAEKQWTMLDR--KSKRPDML---VDSVGLKSIVRDGLVSRHSFSIRSYEIGADRTASIETVMNHLQETALNHVKTA-GLSNDGFGRTPEMYKRDLIWVVAKMQVMVNRYPTWGDTVEINTWFSQSGKIGMASDWLISDCNTGE-------ILIRATSVWAMMNQKTRRFSRLPYEVRQELTPHFVDSPHV----------IEDNDQ-KLRK----FDVKT---GDSIRKGLTPRWNDLDVNQHVSNVKYIGWILESMPIEVLETQELCSLTVEYRRECGMDSVLESVTAVD--------------------------PSENGGR---------SQYKHLLRLED---------GTDIVKSRTEW--RPKNAGT-NGAISTSTAKTSNGNSVS----------------,0.8630000000000001
enz_92,-----------------------------------------------------------------------------------------------MLPDWSMLLTA------------ITTVFVAAEKQWTMLDR--KSKRPDML---VDSVGLKSIVRDGLVSRHSFSIRSYEIGADRTASIETVMNHLQETALNHVKTA-GLSNDGFGRTPEMYKRDLIWVVAKMQVMVNRYPTWGDTVEINTWFSQSGKIGMASDWLISDCNTGE-------ILIRATSVWAMMNQKTRKLSKIPDEVRREIEPHFVDSAPV----------IEDDDR-KLPK----LDEKS---ADSIRKGLTPRWNDLDVNQHVSNVKYIGWILESMPIEVLETQELCSLTVEYRRECGMDSVLESVTAVD--------------------------PSENGGR---------SQYKHLLRLED---------GTDIVKSRTEW--RPKNAGT-NGAISTSTAKTSNGNSVS----------------,0.8079999999999999
enz_93,-----------------------------------------------------------------------------------------------MLPDWSMLLTA------------ITTVFVAAEKQWTMLDR--KSKRPDML---VDSVGLKSIVRDGLVSRHSFSIRSYEIGADRTASIETVMNHLQETALNHVKTA-GLSNDGFGRTPEMYKRDLIWVVAKMQVMVNRYPTWGDTVEVNTWVAKSGKNGMRRDWLISDCNTGE-------ILTRASSVWVMMNQKTRRFSRLPYEVRQELTPHFVDSPHV----------IEDNDQ-KLRK----FDVKT---GDSIRKGLTPRWNDLDVNQHVSNVKYIGWILESMPIEVLETQELCSLTVEYRRECGMDSVLESVTAVD--------------------------PSENGGR---------SQYKHLLRLED---------GTDIVKSRTEW--RPKNAGT-NGAISTSTAKTSNGNSVS----------------,0.38699999999999996
enz_94,-----------------------------------------------------------------------------------------------MLPDWSMLLTA------------ITTVFVAAEKQWTMLDR--KSKRPDML---VDSVGLKSIVRDGLVSRHSFSIRSYEIGADRTASIETVMNHLQETALNHVKTA-GLSNDGFGRTPEMYKRDLIWVVAKMQVMVNRYPTWGDTVEVNTWVAKSGKNGMRRDWLISDCNTGE-------ILTRASSVWVMMNQKTRKLSKIPDEVRREIEPHFVDSAPV----------IEDDDR-KLPK----LDEKS---ADSIRKGLTPRWNDLDVNQHVSNVKYIGWILESMPIEVLETQELCSLTVEYRRECGMDSVLESVTAVD--------------------------PSENGGR---------SQYKHLLRLED---------GTDIVKSRTEW--RPKNAGT-NGAISTSTAKTSNGNSVS----------------,0.09
enz_96,-----------------------------------------------------------------------------------------------MLPDWSMLLAA------------ITTAFLAAEKQWMMLDR--KPKRLDML---EDPFGLGRVVQDGLVFRQNFSIRSYEIGADRTASIETLMNHLQETTINHCKSL-GLHNDGFGRTPGMCKNDLIWVLTKMQIMVNRYPTWGDTVEINTWFSQSGKIGMASDWLISDCNTGE-------ILIRATSVWAMMNQKTRRFSRLPYEVRQELTPHFVDSPHV----------IEDNDQ-KLRK----FDVKT---GDSIRKGLTPRWNDLDVNQHVSNVKYIGWILESMPIEVLETQELCSLTVEYRRECGMDSVLESVTAVD--------------------------PSENGGR---------SQYKHLLRLED---------GTDIVKSRTEW--RPKNAGT-NGAISTSTAKTSNGNSVS----------------,0.8540000000000001
enz_97,-----------------------------------------------------------------------------------------------MLPDWSMLLAA------------ITTAFLAAEKQWMMLDR--KPKRLDML---EDPFGLGRVVQDGLVFRQNFSIRSYEIGADRTASIETLMNHLQETTINHCKSL-GLHNDGFGRTPGMCKNDLIWVLTKMQIMVNRYPTWGDTVEINTWFSQSGKIGMASDWLISDCNTGE-------ILIRATSVWAMMNQKTRKLSKIPDEVRREIEPHFVDSAPV----------IEDDDR-KLPK----LDEKS---ADSIRKGLTPRWNDLDVNQHVSNVKYIGWILESMPIEVLETQELCSLTVEYRRECGMDSVLESVTAVD--------------------------PSENGGR---------SQYKHLLRLED---------GTDIVKSRTEW--RPKNAGT-NGAISTSTAKTSNGNSVS----------------,0.604
enz_99,-----------------------------------------------------------------------------------------------MLPDWSMLLAA------------ITTAFLAAEKQWMMLDR--KPKRLDML---EDPFGLGRVVQDGLVFRQNFSIRSYEIGADRTASIETLMNHLQETTINHCKSL-GLHNDGFGRTPGMCKNDLIWVLTKMQIMVNRYPTWGDTVEVNTWVAKSGKNGMRRDWLISDCNTGE-------ILTRASSVWVMMNQKTRRFSRLPYEVRQELTPHFVDSPHV----------IEDNDQ-KLRK----FDVKT---GDSIRKGLTPRWNDLDVNQHVSNVKYIGWILESMPIEVLETQELCSLTVEYRRECGMDSVLESVTAVD--------------------------PSENGGR---------SQYKHLLRLED---------GTDIVKSRTEW--RPKNAGT-NGAISTSTAKTSNGNSVS----------------,0.308
enz_100,-----------------------------------------------------------------------------------------------MLPDWSMLLAA------------ITTAFLAAEKQWMMLDR--KPKRLDML---EDPFGLGRVVQDGLVFRQNFSIRSYEIGADRTASIETLMNHLQETTINHCKSL-GLHNDGFGRTPGMCKNDLIWVLTKMQIMVNRYPTWGDTVEVNTWVAKSGKNGMRRDWLISDCNTGE-------ILTRASSVWVMMNQKTRKLSKIPDEVRREIEPHFVDSAPV----------IEDDDR-KLPK----LDEKS---ADSIRKGLTPRWNDLDVNQHVSNVKYIGWILESMPIEVLETQELCSLTVEYRRECGMDSVLESVTAVD--------------------------PSENGGR---------SQYKHLLRLED---------GTDIVKSRTEW--RPKNAGT-NGAISTSTAKTSNGNSVS----------------,0.109
enz_101,-----------------------------------------------------------------------------------------------MLPDWSMLLAA------------ITTAFLAAEKQWMMLDR--KPKRLDML---EDPFGLGRVVQDGLVFRQNFSIRSYEIGADRTASIETVMNHLQETALNHVKTA-GLSNDGFGRTPEMYKRDLIWVVAKMQVMVNRYPTWGDTVEINTWFSQSGKIGMASDWLISDCNTGE-------ILIRATSVWAMMNQKTRRFSRLPYEVRQELTPHFVDSPHV----------IEDNDQ-KLRK----FDVKT---GDSIRKGLTPRWNDLDVNQHVSNVKYIGWILESMPIEVLETQELCSLTVEYRRECGMDSVLESVTAVD--------------------------PSENGGR---------SQYKHLLRLED---------GTDIVKSRTEW--RPKNAGT-NGAISTSTAKTSNGNSVS----------------,0.76
enz_102,-----------------------------------------------------------------------------------------------MLPDWSMLLAA------------ITTAFLAAEKQWMMLDR--KPKRLDML---EDPFGLGRVVQDGLVFRQNFSIRSYEIGADRTASIETVMNHLQETALNHVKTA-GLSNDGFGRTPEMYKRDLIWVVAKMQVMVNRYPTWGDTVEINTWFSQSGKIGMASDWLISDCNTGE-------ILIRATSVWAMMNQKTRRFSRLPYEVRQELTPHFVDSPHV----------IEDNDQ-KLRK----FDVKT---GDSIRKGLTPRWNDLDVNQHVNNAKYIGWILESTPPEVLETQELCSLTLEYRRECGRESVLESLTAVD--------------------------PSGEGYG---------SQFQHLLRLED---------GGEIVKGRTEW--RPKNAGI-NGV--VPSEESSPGDYS-----------------,0.6969999999999998
enz_103,-----------------------------------------------------------------------------------------------MLPDWSMLLAA------------ITTAFLAAEKQWMMLDR--KPKRLDML---EDPFGLGRVVQDGLVFRQNFSIRSYEIGADRTASIETVMNHLQETALNHVKTA-GLSNDGFGRTPEMYKRDLIWVVAKMQVMVNRYPTWGDTVEINTWFSQSGKIGMASDWLISDCNTGE-------ILIRATSVWAMMNQKTRKLSKIPDEVRREIEPHFVDSAPV----------IEDDDR-KLPK----LDEKS---ADSIRKGLTPRWNDLDVNQHVSNVKYIGWILESMPIEVLETQELCSLTVEYRRECGMDSVLESVTAVD--------------------------PSENGGR---------SQYKHLLRLED---------GTDIVKSRTEW--RPKNAGT-NGAISTSTAKTSNGNSVS----------------,0.6809999999999999
enz_104,-----------------------------------------------------------------------------------------------MLPDWSMLLAA------------ITTAFLAAEKQWMMLDR--KPKRLDML---EDPFGLGRVVQDGLVFRQNFSIRSYEIGADRTASIETVMNHLQETALNHVKTA-GLSNDGFGRTPEMYKRDLIWVVAKMQVMVNRYPTWGDTVEVNTWVAKSGKNGMRRDWLISDCNTGE-------ILTRASSVWVMMNQKTRRFSRLPYEVRQELTPHFVDSPHV----------IEDNDQ-KLRK----FDVKT---GDSIRKGLTPRWNDLDVNQHVSNVKYIGWILESMPIEVLETQELCSLTVEYRRECGMDSVLESVTAVD--------------------------PSENGGR---------SQYKHLLRLED---------GTDIVKSRTEW--RPKNAGT-NGAISTSTAKTSNGNSVS----------------,0.48599999999999993
enz_105,-----------------------------------------------------------------------------------------------MLPDWSMLLAA------------ITTAFLAAEKQWMMLDR--KPKRLDML---EDPFGLGRVVQDGLVFRQNFSIRSYEIGADRTASIETVMNHLQETALNHVKTA-GLSNDGFGRTPEMYKRDLIWVVAKMQVMVNRYPTWGDTVEVNTWVAKSGKNGMRRDWLISDCNTGE-------ILTRASSVWVMMNQKTRKLSKIPDEVRREIEPHFVDSAPV----------IEDDDR-KLPK----LDEKS---ADSIRKGLTPRWNDLDVNQHVSNVKYIGWILESMPIEVLETQELCSLTVEYRRECGMDSVLESVTAVD--------------------------PSENGGR---------SQYKHLLRLED---------GTDIVKSRTEW--RPKNAGT-NGAISTSTAKTSNGNSVS----------------,0.06699999999999999
enz_36,--MTAASSAFFPVPSA--DTSSRPGKLGNGPSSFSPLKPKSIPNGG-LQVKASASAPPKINGSSV----GLKSGGLKTHDD-A-PSAPPPRTFINQLPDWSMLLAA------------ITTAFLAAEKQWMMLDR--KPKRLDML---EDPFGLGRVVQDGLVFRQNFSIRSYEIGADRTASIETVMNHLQETALNHVKTA-GLSNDGFGRTPEMYKRDLIWVVAKMQVMVNRYPTWGDTVEVNTWVAKSGKNGMRRDWLISDCNTGE-------ILTRASSVWVMMNQKTRKLSKIPDEVRREFEPHFVDSPPV----------IEDNDR-KLPK----FDEKS---ADSIRKGLTPRWNDLDVNQHVNNAKYIGWILESTPPEVLETQELCSLTLEYRRECGRESVLESLTAVD--------------------------PSGEGYG---------SQFQHLLRLED---------GGEIVKGRTEW--RPKNAGI-N---------------------------------,0.6530000000000001
enz_70,--MTAASSAFFPVPSA--DTSSRPGKLGNGPSSFSPLKPKSIPNGG-LQVKASASAPPKINGSSV----GLKSGGLKTHDD-A-PSAPPPRTFINQLPDWSMLLAA------------ITTAFLAAEKQWMMLDR--KPKRLDML---EDPFGLGRVVQDGLVFRQNFSIRSYEIGADRTASIETVMNHLQETALNHVKTA-GLSNDGFGRTPEMYKRDLIWVVAKMQVMVNRYPTWGDTVEVNTWVAKSGKNGMRRDWLISDCNTGE-------ILTRASSVWVMMNQKTRKLSKIPDEVRREFEPHFVDSAPV----------IEDDDR-KLPK----LDEKS---ADSIRKGLTPRWNDLDVNQHVNNAKYIGWILESTPPEVLETQELCSLTLEYRRECGRESVLESLTAVD--------------------------PSGEGYG---------SQFQHLLRLED---------GGEIVKGRTEW--RPKNAGI-N---------------------------------,0.75
enz_55,--MTAASSAFFPVPSA--DTSSRPGKLGNGPSSFSPLKPKSIPNGG-LQVKASASAPPKINGSSV----GLKSGGLKTHDD-A-PSAPPPRTFINQLPDWSMLLAA------------ITTAFLAAEKQWMMLDR--KPKRLDML---EDPFGLGRVVQDGLVFRQNFSIRSYEIGADRTASIETVMNHLQETALNHVKTA-GLSNDGFGRTPEMYKRDLIWVVAKMQVMVNRYPTWGDTVEVNTWFAKSGKIGMRRDWLISDCNTGE-------ILTRASSVWVMMNQKTRKFSKLPDEVRREFEPHFVDSPPV----------IEDNDR-KLPK----FDEKS---ADSIRKGLTPRWNDLDVNQHVNNAKYIGWILESTPPEVLETQELCSLTLEYRRECGRESVLESLTAVD--------------------------PSGEGYG---------SQFQHLLRLED---------GGEIVKGRTEW--RPKNAGI-N---------------------------------,0.7529999999999998
enz_54,--MTAASSAFFPVPSA--DTSSRPGKLGNGPSSFSPLKPKSIPNGG-LQVKASASAPPKINGSSV----GLKSGGLKTHDD-A-PSAPPPRTFINQLPDWSMLLAA------------ITTAFLAAEKQWMMLDR--KPKRLDML---EDPFGLGRVVQDGLVFRQNFSIRSYEIGADRTASIETVMNHLQETALNHVKTA-GLSNDGFGRTPEMYKRDLIWVVAKMQVMVNRYPTWGDTVEVNTWFAKSGKIGMRRDWLISDCNTGE-------ILTRASSVWVMMNQKTRKFSKLPDEVRREIEPHFVDSPPV----------IEDNDR-KLPK----FDEKS---ADSIRKGLTPRWNDLDVNQHVNNAKYIGWILESTPPEVLETQELCSLTLEYRRECGRESVLESLTAVD--------------------------PSGEGYG---------SQFQHLLRLED---------GGEIVKGRTEW--RPKNAGI-N---------------------------------,0.7040000000000001
enz_45,--MTAASSAFFPVPSA--DTSSRPGKLGNGPSSFSPLKPKSIPNGG-LQVKASASAPPKINGSSV----GLKSGGLKTHDD-A-PSAPPPRTFINQLPDWSMLLAA------------ITTAFLAAEKQWMMLDR--KPKRLDML---EDPFGLGRVVQDGLVFRQNFSIRSYEIGADRTASIETVMNHLQETALNHVKTA-GLSNDGFGRTPEMYKRDLIWVVAKMQVMVNRYPTWGDTVEVNTWFAKSGKIGMRRDWLISDCNTGE-------ILTRASSVWVMMNQKTRKFSKLPDEVRREFEPHFVDSAPV----------IEDDDR-KLPK----LDEKS---ADSIRKGLTPRWNDLDVNQHVNNAKYIGWILESTPPEVLETQELCSLTLEYRRECGRESVLESLTAVD--------------------------PSGEGYG---------SQFQHLLRLED---------GGEIVKGRTEW--RPKNAGI-N---------------------------------,0.7040000000000001
enz_67,--MTAASSAFFPVPSA--DTSSRPGKLGNGPSSFSPLKPKSIPNGG-LQVKASASAPPKINGSSV----GLKSGGLKTHDD-A-PSAPPPRTFINQLPDWSMLLAA------------ITTAFLAAEKQWMMLDR--KPKRLDML---EDPFGLGRVVQDGLVFRQNFSIRSYEIGADRTASIETVMNHLQETALNHVKTA-GLSNDGFGRTPEMYKRDLIWVLAKMQVMVNRYPTWGDTVEVNTWFAKSGKIGMGRDWLISDCNTGE-------ILTRASSVWVMMNQKTRKFSKLPDEVRREFEPHFVDSAPV----------IEDDDR-KLPK----LDEKS---ADSIRKGLTPRWNDLDVNQHVNNAKYIGWILESTPPEVLETQELCSLTLEYRRECGRESVLESLTAVD--------------------------PSGEGYG---------SQFQHLLRLED---------GGEIVKGRTEW--RPKNAGI-N---------------------------------,0.701
enz_66,--MTAASSAFFPVPSA--DTSSRPGKLGNGPSSFSPLKPKSIPNGG-LQVKASASAPPKINGSSV----GLKSGGLKTHDD-A-PSAPPPRTFINQLPDWSMLLAA------------ITTAFLAAEKQWMMLDR--KPKRLDML---EDPFGLGRVVQDGLVFRQNFSIRSYEIGADRTASIETVMNHLQETALNHVKTA-GLSNDGFGRTPEMYKRDLIWVVAKMQVMVNRYPTWGDTVEVNTWFAKSGKIGMGRDWLISDCNTGE-------ILTRASSVWVMMNQKTRKLSKIPDEVRREIEPHFVDSAPV----------IEDDDR-KLPK----LDEKS---ADSIRKGLTPRWNDLDVNQHVNNAKYIGWILESTPPEVLETQELCSLTLEYRRECGRESVLESLTAVD--------------------------PSGEGYG---------SQFQHLLRLED---------GGEIVKGRTEW--RPKNAGI-N---------------------------------,0.82
enz_65,--MTAASSAFFPVPSA--DTSSRPGKLGNGPSSFSPLKPKSIPNGG-LQVKASASAPPKINGSSV----GLKSGGLKTHDD-A-PSAPPPRTFINQLPDWSMLLAA------------ITTAFLAAEKQWMMLDR--KPKRLDML---EDPFGLGRVVQDGLVFRQNFSIRSYEIGADRTASIETVMNHLQETALNHVKTA-GLSNDGFGRTPEMYKRDLIWVVAKMQVMVNRYPTWGDTVEVNTWFAKSGKIGMASDWLISDCNTGE-------ILTRASSVWAMMNQKTRKLSKIPDEVRREIEPHFVDSAPV----------IEDDDR-KLPK----LDEKS---ADSIRKGLTPRWNDLDVNQHVNNAKYIGWILESTPPEVLETQELCSLTLEYRRECGRESVLESLTAVD--------------------------PSGEGYG---------SQFQHLLRLED---------GGEIVKGRTEW--RPKNAGI-N---------------------------------,0.897
enz_63,--MTAASSAFFPVPSA--DTSSRPGKLGNGPSSFSPLKPKSIPNGG-LQVKASASAPPKINGSSV----GLKSGGLKTHDD-A-PSAPPPRTFINQLPDWSMLLAA------------ITTAFLAAEKQWMMLDR--KPKRLDML---EDPFGLGRVVQDGLVFRQNFSIRSYEIGADRTASIETVMNHLQETALNHVKTA-GLSNDGFGRTPEMYKRDLIWVVAKMQVMVNRYPTWGDTVEINTWFAKSGKIGMASDWLISDCNTGE-------ILTRASSVWVMMNQKTRKLSKIPDEVRREIEPHFVDSAPV----------IEDDDR-KLPK----LDEKS---ADSIRKGLTPRWNDLDVNQHVNNAKYIGWILESTPPEVLETQELCSLTLEYRRECGRESVLESLTAVD--------------------------PSGEGYG---------SQFQHLLRLED---------GGEIVKGRTEW--RPKNAGI-N---------------------------------,0.799
enz_40,--MTAASSAFFPVPSA--DTSSRPGKLGNGPSSFSPLKPKSIPNGG-LQVKASASAPPKINGSSV----GLKSGGLKTHDD-A-PSAPPPRTFINQLPDWSMLLAA------------ITTAFLAAEKQWMMLDR--KPKRLDML---EDPFGLGRVVQDGLVFRQNFSIRSYEIGADRTASIETVMNHLQETALNHVKTA-GLSNDGFGRTPEMYKRDLIWVVAKMQVMVNRYPTWGDTVEVNTWFAKSGKIGMASDWLISDCNTGE-------ILTRASSVWVMMNQKTRKLSKIPDEVRREIEPHFVDSAPV----------IEDDDR-KLPK----LDEKS---ADSIRKGLTPRWNDLDVNQHVNNAKYIGWILESTPPEVLETQELCSLTLEYRRECGRESVLESLTAVD--------------------------PSGEGYG---------SQFQHLLRLED---------GGEIVKGRTEW--RPKNAGI-N---------------------------------,0.8240000000000001
enz_51,--MTAASSAFFPVPSA--DTSSRPGKLGNGPSSFSPLKPKSIPNGG-LQVKASASAPPKINGSSV----GLKSGGLKTHDD-A-PSAPPPRTFINQLPDWSMLLAA------------ITTAFLAAEKQWMMLDR--KPKRLDML---EDPFGLGRVVQDGLVFRQNFSIRSYEIGADRTASIETVMNHLQETALNHVKTA-GLSNDGFGRTPEMYKRDLIWVVAKMQVMVNRYPTWGDTVEVNTWFSQSGKIGMASDWLISDCNTGE-------ILTRASSVWVMMNQKTRKLSKIPDEVRREIEPHFVDSAPV----------IEDDDR-KLPK----LDEKS---ADSIRKGLTPRWNDLDVNQHVNNAKYIGWILESTPPEVLETQELCSLTLEYRRECGRESVLESLTAVD--------------------------PSGEGYG---------SQFQHLLRLED---------GGEIVKGRTEW--RPKNAGI-N---------------------------------,0.7989999999999999
enz_68,--MTAASSAFFPVPSA--DTSSRPGKLGNGPSSFSPLKPKSIPNGG-LQVKASASAPPKINGSSV----GLKSGGLKTHDD-A-PSAPPPRTFINQLPDWSMLLAA------------ITTAFLAAEKQWMMLDR--KPKRLDML---EDPFGLGRVVQDGLVFRQNFSIRSYEIGADRTASIETVMNHLQETALNHVKTA-GLSNDGFGRTPEMYKRDLIWVLAKMQVMVNRYPTWGDTVEVNTWFAKSGKIGMASDWLISDCNTGE-------ILTRASSVWVMMNQKTRKLSKIPDEVRREIEPHFVDSAPV----------IEDDDR-KLPK----LDEKS---ADSIRKGLTPRWNDLDVNQHVNNAKYIGWILESTPPEVLETQELCSLTLEYRRECGRESVLESLTAVD--------------------------PSGEGYG---------SQFQHLLRLED---------GGEIVKGRTEW--RPKNAGI-N---------------------------------,0.9460000000000001
enz_61,--MTAASSAFFPVPSA--DTSSRPGKLGNGPSSFSPLKPKSIPNGG-LQVKASASAPPKINGSSV----GLKSGGLKTHDD-A-PSAPPPRTFINQLPDWSMLLAA------------ITTAFLAAEKQWMMLDR--KPKRLDML---EDPFGLGRVVQDGLVFRQNFSIRSYEIGADRTASIETVMNHLQETALNHVKTA-GLSNDGFGRTPEMYKRDLIWVLAKMQVMVNRYPTWGDTVEVNTWFAKSGKIGMASDWLISDCNTGE-------ILTRASSVWVMMNQKTRKFSKLPDEVRREFEPHFVDSPPV----------IEDNDR-KLPK----FDEKS---ADSIRKGLTPRWNDLDVNQHVNNAKYIGWILESTPPEVLETQELCSLTLEYRRECGRESVLESLTAVD--------------------------PSGEGYG---------SQFQHLLRLED---------GGEIVKGRTEW--RPKNAGI-N---------------------------------,0.919
enz_74,--MTAASSAFFPVPSA--DTSSRPGKLGNGPSSFSPLKPKSIPNGG-LQVKASASAPPKINGSSV----GLKSGGLKTHDD-A-PSAPPPRTFINQLPDWSMLLAA------------ITTAFLAAEKQWMMLDR--KPKRLDML---EDPFGLGRVVQDGLVFRQNFSIRSYEIGADRTASIETVMNHLQETALNHVKTA-GLSNDGFGRTPEMYKRDLIWVLAKMQVMVNRYPTWGDTVEINTWFSQSGKIGMASDWLISDCNTGE-------ILTRASSVWAMMNQKTRKFSKLPDEVRRELEPHFVDSPPV----------IEDNDR-KLPK----FDEKS---ADSIRKGLTPRWNDLDVNQHVNNAKYIGWILESTPPEVLETQELCSLTLEYRRECGRESVLESLTAVD--------------------------PSGEGYG---------SQFQHLLRLED---------GGEIVKGRTEW--RPKNAGI-N---------------------------------,0.9380000000000002
enz_49,--MTAASSAFFPVPSA--DTSSRPGKLGNGPSSFSPLKPKSIPNGG-LQVKASASAPPKINGSSV----GLKSGGLKTHDD-A-PSAPPPRTFINQLPDWSMLLAA------------ITTAFLAAEKQWMMLDR--KPKRLDML---EDPFGLGRVVQDGLVFRQNFSIRSYEIGADRTASIETVMNHLQETALNHVKTA-GLSNDGFGRTPEMYKRDLIWVVAKMQVMVNRYPTWGDTVEVNTWFAKSGKNGMRRDWLISDCNTGE-------ILTRASSVWVMMNQKTRKFSKIPDEVRREIEPHFVDSPPV----------IEDNDR-KLPK----FDEKS---ADSIRKGLTPRWNDLDVNQHVNNAKYIGWILESTPPEVLETQELCSLTLEYRRECGRESVLESLTAVD--------------------------PSGEGYG---------SQFQHLLRLED---------GGEIVKGRTEW--RPKNAGI-N---------------------------------,0.542
enz_31,--MTAASSAFFPVPSA--DTSSRPGKLGNGPSSFSPLKPKSIPNGG-LQVKASASAPPKINGSSV----GLKSGGLKTHDD-A-PSAPPPRTFINQLPDWSMLLAA------------ITTAFLAAEKQWMMLDR--KPKRLDML---EDPFGLGRVVQDGLVFRQNFSIRSYEIGADRTASIETVMNHLQETALNHVKTA-GLSNDGFGRTPEMYKRDLIWVVAKMQVMVNRYPTWGDTVEVNTWFAKSGKNGMRRDWLISDCNTGE-------ILTRASSVWVMMNQKTRKFSKIPDEVRREIEPHFVDSAPV----------IEDDDR-KLPK----LDEKS---ADSIRKGLTPRWNDLDVNQHVNNAKYIGWILESTPPEVLETQELCSLTLEYRRECGRESVLESLTAVD--------------------------PSGEGYG---------SQFQHLLRLED---------GGEIVKGRTEW--RPKNAGI-N---------------------------------,0.531
enz_39,--MTAASSAFFPVPSA--DTSSRPGKLGNGPSSFSPLKPKSIPNGG-LQVKASASAPPKINGSSV----GLKSGGLKTHDD-A-PSAPPPRTFINQLPDWSMLLAA------------ITTAFLAAEKQWMMLDR--KPKRLDML---EDPFGLGRVVQDGLVFRQNFSIRSYEIGADRTASIETVMNHLQETALNHVKTA-GLSNDGFGRTPEMYKRDLIWVVAKMQVMVNRYPTWGDTVEVNTWFAKSGKNGMRRDWLISDCNTGE-------ILTRASSVWVMMNQKTRKLSKIPDEVRREIEPHFVDSAPV----------IEDDDR-KLPK----LDEKS---ADSIRKGLTPRWNDLDVNQHVNNAKYIGWILESTPPEVLETQELCSLTLEYRRECGRESVLESLTAVD--------------------------PSGEGYG---------SQFQHLLRLED---------GGEIVKGRTEW--RPKNAGI-N---------------------------------,0.34299999999999997
enz_53,--MTAASSAFFPVPSA--DTSSRPGKLGNGPSSFSPLKPKSIPNGG-LQVKASASAPPKINGSSV----GLKSGGLKTHDD-A-PSAPPPRTFINQLPDWSMLLAA------------ITTAFLAAEKQWMMLDR--KPKRLDML---EDPFGLGRVVQDGLVFRQNFSIRSYEIGADRTASIETVMNHLQETALNHVKTA-GLSNDGFGRTPEMYKRDLIWVVAKMQVMVNRYPTWGDTVEVNTWFAKSGKNGMRRDWLISDCNTGE-------ILTRASSVWVMMNQKTRKLSKLPDEVRREIEPHFVDSPPV----------IEDNDR-KLPK----FDEKS---ADSIRKGLTPRWNDLDVNQHVNNAKYIGWILESTPPEVLETQELCSLTLEYRRECGRESVLESLTAVD--------------------------PSGEGYG---------SQFQHLLRLED---------GGEIVKGRTEW--RPKNAGI-N---------------------------------,0.519
enz_35,--MTAASSAFFPVPSA--DTSSRPGKLGNGPSSFSPLKPKSIPNGG-LQVKASASAPPKINGSSV----GLKSGGLKTHDD-A-PSAPPPRTFINQLPDWSMLLAA------------ITTAFLAAEKQWMMLDR--KPKRLDML---EDPFGLGRVVQDGLVFRQNFSIRSYEIGADRTASIETVMNHLQETALNHVKTA-GLSNDGFGRTPEMYKRDLIWVVAKMQVMVNRYPTWGDTVEVNTWFAKSGKIGMRRDWLISDCNTGE-------ILTRASSVWVMMNQKTRKLSKLPDEVRREIEPHFVDSAPV----------IEDDDR-KLPK----LDEKS---ADSIRKGLTPRWNDLDVNQHVNNAKYIGWILESTPPEVLETQELCSLTLEYRRECGRESVLESLTAVD--------------------------PSGEGYG---------SQFQHLLRLED---------GGEIVKGRTEW--RPKNAGI-N---------------------------------,0.361
enz_52,--MTAASSAFFPVPSA--DTSSRPGKLGNGPSSFSPLKPKSIPNGG-LQVKASASAPPKINGSSV----GLKSGGLKTHDD-A-PSAPPPRTFINQLPDWSMLLAA------------ITTAFLAAEKQWMMLDR--KPKRLDML---EDPFGLGRVVQDGLVFRQNFSIRSYEIGADRTASIETVMNHLQETALNHVKTA-GLSNDGFGRTPEMYKRDLIWVVAKMQVMVNRYPTWGDTVEVNTWFAKSGKIGMRRDWLISDCNTGE-------ILTRASSVWVMMNQKTRKFSKIPDEVRREIEPHFVDSPPV----------IEDNDR-KLPK----FDEKS---ADSIRKGLTPRWNDLDVNQHVNNAKYIGWILESTPPEVLETQELCSLTLEYRRECGRESVLESLTAVD--------------------------PSGEGYG---------SQFQHLLRLED---------GGEIVKGRTEW--RPKNAGI-N---------------------------------,0.561
enz_38,--MTAASSAFFPVPSA--DTSSRPGKLGNGPSSFSPLKPKSIPNGG-LQVKASASAPPKINGSSV----GLKSGGLKTHDD-A-PSAPPPRTFINQLPDWSMLLAA------------ITTAFLAAEKQWMMLDR--KPKRLDML---EDPFGLGRVVQDGLVFRQNFSIRSYEIGADRTASIETVMNHLQETALNHVKTA-GLSNDGFGRTPEMYKRDLIWVVAKMQVMVNRYPTWGDTVEVNTWFSQSGKIGMRRDWLISDCNTGE-------ILTRASSVWVMMNQKTRKLSKIPDEVRREIEPHFVDSAPV----------IEDDDR-KLPK----LDEKS---ADSIRKGLTPRWNDLDVNQHVNNAKYIGWILESTPPEVLETQELCSLTLEYRRECGRESVLESLTAVD--------------------------PSGEGYG---------SQFQHLLRLED---------GGEIVKGRTEW--RPKNAGI-N---------------------------------,0.596
enz_34,--MTAASSAFFPVPSA--DTSSRPGKLGNGPSSFSPLKPKSIPNGG-LQVKASASAPPKINGSSV----GLKSGGLKTHDD-A-PSAPPPRTFINQLPDWSMLLAA------------ITTAFLAAEKQWMMLDR--KPKRLDML---EDPFGLGRVVQDGLVFRQNFSIRSYEIGADRTASIETVMNHLQETALNHVKTA-GLSNDGFGRTPEMYKRDLIWVVAKMQVMVNRYPTWGDTVEVNTWFAKSGKIGMRRDWLISDCNTGE-------ILTRASSVWVMMNQKTRKFSKIPDEVRREIEPHFVDSAPV----------IEDDDR-KLPK----LDEKS---ADSIRKGLTPRWNDLDVNQHVNNAKYIGWILESTPPEVLETQELCSLTLEYRRECGRESVLESLTAVD--------------------------PSGEGYG---------SQFQHLLRLED---------GGEIVKGRTEW--RPKNAGI-N---------------------------------,0.602
enz_47,--MTAASSAFFPVPSA--DTSSRPGKLGNGPSSFSPLKPKSIPNGG-LQVKASASAPPKINGSSV----GLKSGGLKTHDD-A-PSAPPPRTFINQLPDWSMLLAA------------ITTAFLAAEKQWMMLDR--KPKRLDML---EDPFGLGRVVQDGLVFRQNFSIRSYEIGADRTASIETVMNHLQETALNHVKTA-GLSNDGFGRTPEMYKRDLIWVVAKMQVMVNRYPTWGDTVEVNTWFAKSGKIGMRRDWLISDCNTGE-------ILTRASSVWVMMNQKTRKLSKIPDEVRREIEPHFVDSPPV----------IEDNDR-KLPK----FDEKS---ADSIRKGLTPRWNDLDVNQHVNNAKYIGWILESTPPEVLETQELCSLTLEYRRECGRESVLESLTAVD--------------------------PSGEGYG---------SQFQHLLRLED---------GGEIVKGRTEW--RPKNAGI-N---------------------------------,0.6829999999999999
enz_37,--MTAASSAFFPVPSA--DTSSRPGKLGNGPSSFSPLKPKSIPNGG-LQVKASASAPPKINGSSV----GLKSGGLKTHDD-A-PSAPPPRTFINQLPDWSMLLAA------------ITTAFLAAEKQWMMLDR--KPKRLDML---EDPFGLGRVVQDGLVFRQNFSIRSYEIGADRTASIETVMNHLQETALNHVKTA-GLSNDGFGRTPEMYKRDLIWVVAKMQVMVNRYPTWGDTVEVNTWFAKSGKIGMRRDWLISDCNTGE-------ILTRASSVWVMMNQKTRKFSKLPDEVRREIEPHFVDSAPV----------IEDDDR-KLPK----LDEKS---ADSIRKGLTPRWNDLDVNQHVNNAKYIGWILESTPPEVLETQELCSLTLEYRRECGRESVLESLTAVD--------------------------PSGEGYG---------SQFQHLLRLED---------GGEIVKGRTEW--RPKNAGI-N---------------------------------,0.669
enz_42,--MTAASSAFFPVPSA--DTSSRPGKLGNGPSSFSPLKPKSIPNGG-LQVKASASAPPKINGSSV----GLKSGGLKTHDD-A-PSAPPPRTFINQLPDWSMLLAA------------ITTAFLAAEKQWMMLDR--KPKRLDML---EDPFGLGRVVQDGLVFRQNFSIRSYEIGADRTASIETVMNHLQETALNHVKTA-GLSNDGFGRTPEMYKRDLIWVVAKMQVMVNRYPTWGDTVEVNTWFAKSGKNGMRRDWLISDCNTGE-------ILTRASSVWVMMNQKTRKLSKIPDEVRREIEPHFVDSPPV----------IEDNDR-KLPK----FDEKS---ADSIRKGLTPRWNDLDVNQHVNNAKYIGWILESTPPEVLETQELCSLTLEYRRECGRESVLESLTAVD--------------------------PSGEGYG---------SQFQHLLRLED---------GGEIVKGRTEW--RPKNAGI-N---------------------------------,0.6
enz_29,--MTAASSAFFPVPSA--DTSSRPGKLGNGPSSFSPLKPKSIPNGG-LQVKASASAPPKINGSSV----GLKSGGLKTHDD-A-PSAPPPRTFINQLPDWSMLLAA------------ITTAFLAAEKQWMMLDR--KPKRLDML---EDPFGLGRVVQDGLVFRQNFSIRSYEIGADRTASIETVMNHLQETALNHVKTA-GLSNDGFGRTPEMYKRDLIWVVAKMQVMVNRYPTWGDTVEVNTWFAKSGKIGMRRDWLISDCNTGE-------ILTRASSVWVMMNQKTRKLSKIPDEVRREIEPHFVDSAPV----------IEDDDR-KLPK----LDEKS---ADSIRKGLTPRWNDLDVNQHVNNAKYIGWILESTPPEVLETQELCSLTLEYRRECGRESVLESLTAVD--------------------------PSGEGYG---------SQFQHLLRLED---------GGEIVKGRTEW--RPKNAGI-N---------------------------------,0.5870000000000001
enz_59,--MTAASSAFFPVPSA--DTSSRPGKLGNGPSSFSPLKPKSIPNGG-LQVKASASAPPKINGSSV----GLKSGGLKTHDD-A-PSAPPPRTFINQLPDWSMLLAA------------ITTAFLAAEKQWMMLDR--KPKRLDML---EDPFGLGRVVQDGLVFRQNFSIRSYEIGADRTASIETVMNHLQETALNHVKTA-GLSNDGFGRTPEMYKRDLIWVFAKMQVMVNRYPTWGDTVEVNTWFAKSGKIGMASDWLISDCNTGE-------ILTRASSVWVMMNQKTRKFSKLPDEVRREFEPHFVDSPPV----------IEDNDR-KLPK----FDEKS---ADSIRKGLTPRWNDLDVNQHVNNAKYIGWILESTPPEVLETQELCSLTLEYRRECGRESVLESLTAVD--------------------------PSGEGYG---------SQFQHLLRLED---------GGEIVKGRTEW--RPKNAGI-N---------------------------------,0.5080000000000001
enz_56,--MTAASSAFFPVPSA--DTSSRPGKLGNGPSSFSPLKPKSIPNGG-LQVKASASAPPKINGSSV----GLKSGGLKTHDD-A-PSAPPPRTFINQLPDWSMLLAA------------ITTAFLAAEKQWMMLDR--KPKRLDML---EDPFGLGRVVQDGLVFRQNFSIRSYEIGADRTASIETVMNHLQETALNHVKTA-GLSNDGFGRTPEMYKRDLIWVFAKMQVMVNRYPTWGDTVEVNTWFAKSGKIGMRRDWLISDCNTGE-------ILTRASSVWVMMNQKTRKFSKLPDEVRREIEPHFVDSPPV----------IEDNDR-KLPK----FDEKS---ADSIRKGLTPRWNDLDVNQHVNNAKYIGWILESTPPEVLETQELCSLTLEYRRECGRESVLESLTAVD--------------------------PSGEGYG---------SQFQHLLRLED---------GGEIVKGRTEW--RPKNAGI-N---------------------------------,0.539
enz_62,--MTAASSAFFPVPSA--DTSSRPGKLGNGPSSFSPLKPKSIPNGG-LQVKASASAPPKINGSSV----GLKSGGLKTHDD-A-PSAPPPRTFINQLPDWSMLLAA------------ITTAFLAAEKQWMMLDR--KPKRLDML---EDPFGLGRVVQDGLVFRQNFSIRSYEIGADRTASIETVMNHLQETALNHVKTA-GLSNDGFGRTPEMYKRDLIWVFAKMQVMVNRYPTWGDTVEVNTWFAKSGKIGMGRDWLISDCNTGE-------ILTRASSVWVMMNQKTRKFSKLPDEVRREFEPHFVDSPPV----------IEDNDR-KLPK----FDEKS---ADSIRKGLTPRWNDLDVNQHVNNAKYIGWILESTPPEVLETQELCSLTLEYRRECGRESVLESLTAVD--------------------------PSGEGYG---------SQFQHLLRLED---------GGEIVKGRTEW--RPKNAGI-N---------------------------------,0.61
enz_46,--MTAASSAFFPVPSA--DTSSRPGKLGNGPSSFSPLKPKSIPNGG-LQVKASASAPPKINGSSV----GLKSGGLKTHDD-A-PSAPPPRTFINQLPDWSMLLAA------------ITTAFLAAEKQWMMLDR--KPKRLDML---EDPFGLGRVVQDGLVFRQNFSIRSYEIGADRTASIETVMNHLQETALNHVKTA-GLSNDGFGRTPEMYKRDLIWVFAKMQVMVNRYPTWGDTVEVNTWFAKSGKIGMRRDWLISDCNTGE-------ILTRASSVWVMMNQKTRKFSKLPDEVRREIEPHFVDSAPV----------IEDDDR-KLPK----LDEKS---ADSIRKGLTPRWNDLDVNQHVNNAKYIGWILESTPPEVLETQELCSLTLEYRRECGRESVLESLTAVD--------------------------PSGEGYG---------SQFQHLLRLED---------GGEIVKGRTEW--RPKNAGI-N---------------------------------,0.37699999999999995
enz_57,--MTAASSAFFPVPSA--DTSSRPGKLGNGPSSFSPLKPKSIPNGG-LQVKASASAPPKINGSSV----GLKSGGLKTHDD-A-PSAPPPRTFINQLPDWSMLLAA------------ITTAFLAAEKQWMMLDR--KPKRLDML---EDPFGLGRVVQDGLVFRQNFSIRSYEIGADRTASIETVMNHLQETALNHVKTA-GLSNDGFGRTPEMYKRDLIWVFAKMQVMVNRYPTWGDTVEVNTWFAKSGKIGMRRDWLISDCNTGE-------ILTRASSVWVMMNQKTRKFSKLPDEVRREFEPHFVDSPPV----------IEDNDR-KLPK----FDEKS---ADSIRKGLTPRWNDLDVNQHVNNAKYIGWILESTPPEVLETQELCSLTLEYRRECGRESVLESLTAVD--------------------------PSGEGYG---------SQFQHLLRLED---------GGEIVKGRTEW--RPKNAGI-N---------------------------------,0.40299999999999997
enz_28,--MTAASSAFFPVPSA--DTSSRPGKLGNGPSSFSPLKPKSIPNGG-LQVKASASAPPKINGSSV----GLKSGGLKTHDD-A-PSAPPPRTFINQLPDWSMLLAA------------ITTAFLAAEKQWMMLDR--KPKRLDML---EDPFGLGRVVQDGLVFRQNFSIRSYEIGADRTASIETVMNHLQETALNHVKTA-GLSNDGFGRTPEMYKRDLIWVFAKMQVMVNRYPTWGDTVEVNTWVAKSGKNGMRRDWLISDCNTGE-------ILTRASSVWVMMNQKTRKLSKIPDEVRREIEPHFVDSAPV----------IEDDDR-KLPK----LDEKS---ADSIRKGLTPRWNDLDVNQHVNNAKYIGWILESTPPEVLETQELCSLTLEYRRECGRESVLESLTAVD--------------------------PSGEGYG---------SQFQHLLRLED---------GGEIVKGRTEW--RPKNAGI-N---------------------------------,0.34600000000000003
enz_58,--MTAASSAFFPVPSA--DTSSRPGKLGNGPSSFSPLKPKSIPNGG-LQVKASASAPPKINGSSV----GLKSGGLKTHDD-A-PSAPPPRTFINQLPDWSMLLAA------------ITTAFLAAEKQWMMLDR--KPKRLDML---EDPFGLGRVVQDGLVFRQNFSIRSYEIGADRTASIETVMNHLQETALNHVKTA-GLSNDGFGRTPEMYKRDLIWVFAKMQVMVNRYPTWGDTVEVNTWFAKSGKIGMASDWLISDCNTGE-------ILTRASSVWVMMNQKTRKFSKLPDEVRREIEPHFVDSPPV----------IEDNDR-KLPK----FDEKS---ADSIRKGLTPRWNDLDVNQHVNNAKYIGWILESTPPEVLETQELCSLTLEYRRECGRESVLESLTAVD--------------------------PSGEGYG---------SQFQHLLRLED---------GGEIVKGRTEW--RPKNAGI-N---------------------------------,0.477
enz_64,--MTAASSAFFPVPSA--DTSSRPGKLGNGPSSFSPLKPKSIPNGG-LQVKASASAPPKINGSSV----GLKSGGLKTHDD-A-PSAPPPRTFINQLPDWSMLLAA------------ITTAFLAAEKQWMMLDR--KPKRLDML---EDPFGLGRVVQDGLVFRQNFSIRSYEIGADRTASIETVMNHLQETALNHVKTA-GLSNDGFGRTPEMYKRDLIWVVAKMQVMVNRYPTWGDTVEVNTWVAKSGKNGMRRDWLISDCNTGE-------ILTRASSVWAMMNQKTRKLSKIPDEVRREIEPHFVDSAPV----------IEDDDR-KLPK----LDEKS---ADSIRKGLTPRWNDLDVNQHVNNAKYIGWILESTPPEVLETQELCSLTLEYRRECGRESVLESLTAVD--------------------------PSGEGYG---------SQFQHLLRLED---------GGEIVKGRTEW--RPKNAGI-N---------------------------------,0.087
enz_73,--MTAASSAFFPVPSA--DTSSRPGKLGNGPSSFSPLKPKSIPNGG-LQVKASASAPPKINGSSV----GLKSGGLKTHDD-A-PSAPPPRTFINQLPDWSMLLAA------------ITTAFLAAEKQWMMLDR--KPKRLDML---EDPFGLGRVVQDGLVFRQNFSIRSYEIGADRTASIETVMNHLQETALNHVKTA-GLSNDGFGRTPEMYKRDLIWVVAKMQVMVNRYPTWGDTVEVNTWVAKSGKNGMRRDWLISDCNTGE-------ILTRASSVWVMMNQKTRKLSKIPDEVRREIEPHFVDSAPV----------IEDDDR-KLPK----FDEKS---ADSIRKGLTPRWNDLDVNQHVNNAKYIGWILESTPPEVLETQELCSLTLEYRRECGRESVLESLTAVD--------------------------PSGEGYG---------SQFQHLLRLED---------GGEIVKGRTEW--RPKNAGI-N---------------------------------,0.026000000000000002
enz_33,--MTAASSAFFPVPSA--DTSSRPGKLGNGPSSFSPLKPKSIPNGG-LQVKASASAPPKINGSSV----GLKSGGLKTHDD-A-PSAPPPRTFINQLPDWSMLLAA------------ITTAFLAAEKQWMMLDR--KPKRLDML---EDPFGLGRVVQDGLVFRQNFSIRSYEIGADRTASIETVMNHLQETALNHVKTA-GLSNDGFGRTPEMYKRDLIWVVAKMQVMVNRYPTWGDTVEVNTWVAKSGKNGMRRDWLISDCNTGE-------ILTRASSVWVMMNQKTRKLSKIPDEVRREIEPHFVDSPPV----------IEDNDR-KLPK----FDEKS---ADSIRKGLTPRWNDLDVNQHVNNAKYIGWILESTPPEVLETQELCSLTLEYRRECGRESVLESLTAVD--------------------------PSGEGYG---------SQFQHLLRLED---------GGEIVKGRTEW--RPKNAGI-N---------------------------------,0.066
enz_30,--MTAASSAFFPVPSA--DTSSRPGKLGNGPSSFSPLKPKSIPNGG-LQVKASASAPPKINGSSV----GLKSGGLKTHDD-A-PSAPPPRTFINQLPDWSMLLAA------------ITTAFLAAEKQWMMLDR--KPKRLDML---EDPFGLGRVVQDGLVFRQNFSIRSYEIGADRTASIETVMNHLQETALNHVKTA-GLSNDGFGRTPEMYKRDLIWVVAKMQVMVNRYPTWGDTVEVNTWVAKSGKNGMRRDWLISDCNTGE-------ILTRASSVWVMMNQKTRKLSKIPDEVRREIEPHFVDSAPV----------IEDNDR-KLPK----FDEKS---ADSIRKGLTPRWNDLDVNQHVNNAKYIGWILESTPPEVLETQELCSLTLEYRRECGRESVLESLTAVD--------------------------PSGEGYG---------SQFQHLLRLED---------GGEIVKGRTEW--RPKNAGI-N---------------------------------,0.138
enz_32,--MTAASSAFFPVPSA--DTSSRPGKLGNGPSSFSPLKPKSIPNGG-LQVKASASAPPKINGSSV----GLKSGGLKTHDD-A-PSAPPPRTFINQLPDWSMLLAA------------ITTAFLAAEKQWMMLDR--KPKRLDML---EDPFGLGRVVQDGLVFRQNFSIRSYEIGADRTASIETVMNHLQETALNHVKTA-GLSNDGFGRTPEMYKRDLIWVVAKMQVMVNRYPTWGDTVEVNTWVAKSGKIGMRRDWLISDCNTGE-------ILTRASSVWVMMNQKTRKLSKLPDEVRREIEPHFVDSAPV----------IEDDDR-KLPK----LDEKS---ADSIRKGLTPRWNDLDVNQHVNNAKYIGWILESTPPEVLETQELCSLTLEYRRECGRESVLESLTAVD--------------------------PSGEGYG---------SQFQHLLRLED---------GGEIVKGRTEW--RPKNAGI-N---------------------------------,0.179
enz_75,--MTAASSAFFPVPSA--DTSSRPGKLGNGPSSFSPLKPKSIPNGG-LQVKASASAPPKINGSSV----GLKSGGLKTHDD-A-PSAPPPRTFINQLPDWSMLLAA------------ITTAFLAAEKQWMMLDR--KPKRLDML---EDPFGLGRVVQDGLVFRQNFSIRSYEIGADRTASIETVMNHLQETALNHVKTA-GLSNDGFGRTPEMYKRDLIWVVAKMQVMVNRYPTWGDTVEVNTWVAKSGKNGMRRDWLISDCNTGE-------ILTRASSVWVMMNQKTRKLSKIPDEVRREIEPHFVDSAPV----------IEDDDR-KLPK----LDEKS---ADSIRKGLTPRWNDLDVNQHVNNAKYIGWILESTPPEVLETQELCSLTLEYRRECGRESVLESLTAVD--------------------------PSGEGYG---------SQFQHLLRLED---------GGEIVKGRTEW--RPKNAGI-N---------------------------------,0.16700000000000004
enz_43,--MTAASSAFFPVPSA--DTSSRPGKLGNGPSSFSPLKPKSIPNGG-LQVKASASAPPKINGSSV----GLKSGGLKTHDD-A-PSAPPPRTFINQLPDWSMLLAA------------ITTAFLAAEKQWMMLDR--KPKRLDML---EDPFGLGRVVQDGLVFRQNFSIRSYEIGADRTASIETVMNHLQETALNHVKTA-GLSNDGFGRTPEMYKRDLIWVVAKMQVMVNRYPTWGDTVEVNTWVAKSGKNGMRRDWLISDCNTGE-------ILTRASSVWVMMNQKTRKFSKIPDEVRREIEPHFVDSPPV----------IEDNDR-KLPK----FDEKS---ADSIRKGLTPRWNDLDVNQHVNNAKYIGWILESTPPEVLETQELCSLTLEYRRECGRESVLESLTAVD--------------------------PSGEGYG---------SQFQHLLRLED---------GGEIVKGRTEW--RPKNAGI-N---------------------------------,0.085
enz_72,--MTAASSAFFPVPSA--DTSSRPGKLGNGPSSFSPLKPKSIPNGG-LQVKASASAPPKINGSSV----GLKSGGLKTHDD-A-PSAPPPRTFINQLPDWSMLLAA------------ITTAFLAAEKQWMMLDR--KPKRLDML---EDPFGLGRVVQDGLVFRQNFSIRSYEIGADRTASIETVMNHLQETALNHVKTA-GLSNDGFGRTPEMYKRDLIWVVAKMQVMVNRYPTWGDTVEVNTWVAKSGKNGMRRDWLISDCNTGE-------ILTRASSVWVMMNQKTRKLSKIPDEVRREIEPHFVDSAPV----------IEDNDR-KLPK----LDEKS---ADSIRKGLTPRWNDLDVNQHVNNAKYIGWILESTPPEVLETQELCSLTLEYRRECGRESVLESLTAVD--------------------------PSGEGYG---------SQFQHLLRLED---------GGEIVKGRTEW--RPKNAGI-N---------------------------------,0.042
enz_71,--MTAASSAFFPVPSA--DTSSRPGKLGNGPSSFSPLKPKSIPNGG-LQVKASASAPPKINGSSV----GLKSGGLKTHDD-A-PSAPPPRTFINQLPDWSMLLAA------------ITTAFLAAEKQWMMLDR--KPKRLDML---EDPFGLGRVVQDGLVFRQNFSIRSYEIGADRTASIETVMNHLQETALNHVKTA-GLSNDGFGRTPEMYKRDLIWVVAKMQVMVNRYPTWGDTVEVNTWVAKSGKNGMRRDWLISDCNTGE-------ILTRASSVWVMMNQKTRKLSKIPDEVRREIEPHFVDSPPV----------IEDDDR-KLPK----LDEKS---ADSIRKGLTPRWNDLDVNQHVNNAKYIGWILESTPPEVLETQELCSLTLEYRRECGRESVLESLTAVD--------------------------PSGEGYG---------SQFQHLLRLED---------GGEIVKGRTEW--RPKNAGI-N---------------------------------,0.06699999999999999
enz_60,--MTAASSAFFPVPSA--DTSSRPGKLGNGPSSFSPLKPKSIPNGG-LQVKASASAPPKINGSSV----GLKSGGLKTHDD-A-PSAPPPRTFINQLPDWSMLLAA------------ITTAFLAAEKQWMMLDR--KPKRLDML---EDPFGLGRVVQDGLVFRQNFSIRSYEIGADRTASIETVMNHLQETALNHVKTA-GLSNDGFGRTPEMYKRDLIWVVAKMQVMVNRYPTWGDTVEVNTWVAKSGKNGMRRDWLISDCNTGE-------ILTRASSVWVMMNQKTRKFSKIPDEVRREIEPHFVDSAPV----------IEDDDR-KLPK----LDEKS---ADSIRKGLTPRWNDLDVNQHVNNAKYIGWILESTPPEVLETQELCSLTLEYRRECGRESVLESLTAVD--------------------------PSGEGYG---------SQFQHLLRLED---------GGEIVKGRTEW--RPKNAGI-N---------------------------------,0.046
enz_44,--MTAASSAFFPVPSA--DTSSRPGKLGNGPSSFSPLKPKSIPNGG-LQVKASASAPPKINGSSV----GLKSGGLKTHDD-A-PSAPPPRTFINQLPDWSMLLAA------------ITTAFLAAEKQWMMLDR--KPKRLDML---EDPFGLGRVVQDGLVFRQNFSIRSYEIGADRTASIETVMNHLQETALNHVKTA-GLSNDGFGRTPEMYKRDLIWVVAKMQVMVNRYPTWGDTVEVNTWVAKSGKNGMRRDWLISDCNTGE-------ILTRASSVWVMMNQKTRKLSKLPDEVRREIEPHFVDSPPV----------IEDNDR-KLPK----FDEKS---ADSIRKGLTPRWNDLDVNQHVNNAKYIGWILESTPPEVLETQELCSLTLEYRRECGRESVLESLTAVD--------------------------PSGEGYG---------SQFQHLLRLED---------GGEIVKGRTEW--RPKNAGI-N---------------------------------,0.044
enz_69,--MTAASSAFFPVPSA--DTSSRPGKLGNGPSSFSPLKPKSIPNGG-LQVKASASAPPKINGSSV----GLKSGGLKTHDD-A-PSAPPPRTFINQLPDWSMLLAA------------ITTAFLAAEKQWMMLDR--KPKRLDML---EDPFGLGRVVQDGLVFRQNFSIRSYEIGADRTASIETVMNHLQETALNHVKTA-GLSNDGFGRTPEMYKRDLIWVVAKMQVMVNRYPTWGDTVEVNTWVAKSGKNGMRRDWLISDCNTGE-------ILTRASSVWVMMNQKTRKLSKLPDEVRREIEPHFVDSAPV----------IEDDDR-KLPK----LDEKS---ADSIRKGLTPRWNDLDVNQHVNNAKYIGWILESTPPEVLETQELCSLTLEYRRECGRESVLESLTAVD--------------------------PSGEGYG---------SQFQHLLRLED---------GGEIVKGRTEW--RPKNAGI-N---------------------------------,0.017
enz_48,--MTAASSAFFPVPSA--DTSSRPGKLGNGPSSFSPLKPKSIPNGG-LQVKASASAPPKINGSSV----GLKSGGLKTHDD-A-PSAPPPRTFINQLPDWSMLLAA------------ITTAFLAAEKQWMMLDR--KPKRLDML---EDPFGLGRVVQDGLVFRQNFSIRSYEIGADRTASIETVMNHLQETALNHVKTA-GLSNDGFGRTPEMYKRDLIWVVAKMQVMVNRYPTWGDTVEVNTWVAKSGKIGMRRDWLISDCNTGE-------ILTRASSVWVMMNQKTRKLSKLPDEVRREIEPHFVDSPPV----------IEDNDR-KLPK----FDEKS---ADSIRKGLTPRWNDLDVNQHVNNAKYIGWILESTPPEVLETQELCSLTLEYRRECGRESVLESLTAVD--------------------------PSGEGYG---------SQFQHLLRLED---------GGEIVKGRTEW--RPKNAGI-N---------------------------------,0.35
enz_41,--MTAASSAFFPVPSA--DTSSRPGKLGNGPSSFSPLKPKSIPNGG-LQVKASASAPPKINGSSV----GLKSGGLKTHDD-A-PSAPPPRTFINQLPDWSMLLAA------------ITTAFLAAEKQWMMLDR--KPKRLDML---EDPFGLGRVVQDGLVFRQNFSIRSYEIGADRTASIETVMNHLQETALNHVKTA-GLSNDGFGRTPEMYKRDLIWVVAKMQVMVNRYPTWGDTVEVNTWVAKSGKIGMRRDWLISDCNTGE-------ILTRASSVWVMMNQKTRKLSKIPDEVRREIEPHFVDSPPV----------IEDNDR-KLPK----FDEKS---ADSIRKGLTPRWNDLDVNQHVNNAKYIGWILESTPPEVLETQELCSLTLEYRRECGRESVLESLTAVD--------------------------PSGEGYG---------SQFQHLLRLED---------GGEIVKGRTEW--RPKNAGI-N---------------------------------,0.291
enz_50,--MTAASSAFFPVPSA--DTSSRPGKLGNGPSSFSPLKPKSIPNGG-LQVKASASAPPKINGSSV----GLKSGGLKTHDD-A-PSAPPPRTFINQLPDWSMLLAA------------ITTAFLAAEKQWMMLDR--KPKRLDML---EDPFGLGRVVQDGLVFRQNFSIRSYEIGADRTASIETVMNHLQETALNHVKTA-GLSNDGFGRTPEMYKRDLIWVVAKMQVMVNRYPTWGDTVEVNTWVAKSGKIGMRRDWLISDCNTGE-------ILTRASSVWVMMNQKTRKLSKIPDEVRREIEPHFVDSAPV----------IEDDDR-KLPK----LDEKS---ADSIRKGLTPRWNDLDVNQHVNNAKYIGWILESTPPEVLETQELCSLTLEYRRECGRESVLESLTAVD--------------------------PSGEGYG---------SQFQHLLRLED---------GGEIVKGRTEW--RPKNAGI-----------------------------------,0.295
enz_111,--MTSLASAFCSMKAVMLARDGRGMK----------------PRSSDLQLRAGNAPLKMINGTKFSYTESLK-----------------------RLPDWSMLFAV------------ITTIFSAAEKQWTNLEW--KPKLPQLL---DDHFGL-----HGLVFRRTFAIRSYEVGPDRSTSILAVMNHMQEATLNHAKSV-GILGDGFGTTLEMSKRDLMWVVRRTHVAVERYPTWGDTVEVECWIGASGNNGRRHDFLVRDCKTGE-------ILTRCTSLSVLMNTRTRRLSKIPDEVRGEIGPAFIDNVAV----------KDDEIK-KLQK----LNDST---ADYIQGGLTPRWNDLDVNQHVNNLKYVAWVFETVPDSIFESHHISSFTLEYRRECTRDSVLRSLTTVS------------------------------GGS----SEAG-LVCDHLLQLEG---------GSEVLRARTEW--RPKLTDSFRGISV-IPAEPRV---------------------,0.09116662374452743
enz_110,--MTSLASAFCSMKAVMLARDGRGMK----------------PRSSDLQLRAGNAPLKMINGTKFSYTESLK-----------------------RLPDWSMLFAV------------ITTIFSAAEKQWTNLEW--KPKLPQLL---DDHFGL-----HGLVFRRTFAIRSYEVGPDRSTSILAVMNHMQEATLNHAKSV-GILGDGFGTTLEMSKRDLMWVVRRTHVAVERYPTWGDTVEVECWIGASGNNGRRHDFLVRDCKTGE-------ILTRCTSLSVLMNTRTRRLSTIPDEVRGEIGPAFIDNVAV----------KDDEIK-KLQK----LNDST---ADYIQGGLTPRWNDLDVNQHVNNLKYVAWVFETVPDSIFESHHISSFTLEYRRECTRDSVLRSLTTVS------------------------------GGS----SEAG-LVCDHLLQLEG---------GSEVLRARTEW--RPKLTDSFRGISV-IPAEPRV---------------------,0.4054497701904136
enz_112,--MTSLASAFCSMKAVMLARDGRGMK----------------PRSSDLQLRAGNAPLKMINGTKFSYTESLK-----------------------RLPDWSMLFAV------------ITTIFSAAEKQWTNLEW--KPKLPQLL---DDHFGL-----HGLVFRRTFAIRSYEVGPDRSTSILAVMNHMQEATLNHAKSV-GILGDGFGTTLEMSKRDLMWVVRRTHVAVERYPTWGDTVEVECWIGASGNNGMRRDFLVRDCKTGE-------ILTRCTSLSVLMNTRTRRLSKIPDEVRGEIGPAFIDNVAV----------KDDEIK-KLQK----LNDST---ADYIQGGLTPRWNDLDVNQHVNNLKYVAWVFETVPDSIFESHHISSFTLEYRRECTRDSVLRSLTTVS------------------------------GGS----SEAG-LVCDHLLQLEG---------GSEVLRARTEW--RPKLTDSFRGISV-IPAEPRV---------------------,0.8271455115292411
enz_87,MVATAATSSIFPIPSPNQDSGAKNAKLGTGSAG---LGLKSKSASGSLQVKANAQAPSKINGTSV----GL-ATVESGKNGDDMSSPPA-RTFINQLPDWSVLLAA------------ITTIFLAAEKQWTMLDW--KPKRPDML---IDPFGLGRIVQDGLVFRQNFSIRSYEIGADRTASIETLMNHLQETALNHVKTA-GLLGDGFGSTPEMSVRNLIWVVTKMQVVVDRYPTWGDVVQVDTWVSASGKNGMRRDWILQDCKTGQ-------ILTRATSVWVMMNKLTRRLSKIPDEVRGEIEPFFMNSPPV----------VEEDSR-KLLK----LDDKT---ADFVRTGLTPRWGDLDINQHVNNVKYIGWILESAPLPILESHELSSLTLEYRRECGRDSVLQSLTAVS--------------------------GADIGNL----GSNGGVECQHLLRLEE---------GAEIVRGRTEW--RPKYANN-LGIVGQLPAESA----------------------,0.006725185380584283
enz_2,------------------------------------------------------------------------------------------------------------------------------------------------------------MVENKRVFLEEHRIRGNEAGPSQHVTIAAVANILQEAAGNHAVAMWGRSSQGFATDPELVERGLIFVMTRMQIQMHRYPRWGDLVQVETWFQAAGKLGAQREWLLRDKLTGE-------VLGAATSTWVMINMRTRRPCRMPELVRWKSACFAREPPRLA--------LPSDVTRAKLPA----VADP----APLRGNRQVARRADMDMNGHVNNVAYLAWTLEAVPEEVWAGSHLYQVEIDFKAECHAGDVVCSLAQEV----PPQE-----------------ALTHNGAG----REPA-CYVHSLLRGET-----------ELVRARTTW--RVSDATR-GGVAAHGSAAAASNGSAAAASNGSAPHANGNGAH,0.012846465085789722
