A._hypogaea_l._(AhFatA),MLKVSCNGSDRVQFMAQCGFAGQPASVLVRRRSVSAVGFGYPMNRVLSVRAIVSDRDGAVVNRVGAEAGTLADRLRLGSLTEDGLSYKEKFIVRSYEVGINKTATVETIANLLQEVGCNHAQSVGYSTDGFATTPTMRKLGLIWVTARMHIEVYKYPAWSDVVEIETWCQGEGRVGIRRDFILKDYATDQVIGRATSKWLMMNQETRRLQKVSDDVREEVLIYCPREPRLAIPEEDSNCLKKIPKLEDPGQYSRLRLMPRRADLDMNQHVNNVTYIGWVLESMPQEIIDSHELHSITLDYRRECQRDDIVDSLTSIEGDGVLLEVNGTNGSSVAWEHGHAYQQFLHLLKLSTDEGLEINRGRTAWRKKASRL,1
Arabidopsis_thaliana,MVATSATSSFFPVPSSSLDPNGKGNKIGSTNLAGLNSTPNSGRMKVKPNAQAPPKINGKRVGLPGSVDIVRTDTETSSHPAPRTFINQLPDWSMLLAAITTIFLAAEKQWMMLDWKPRRSDMLVDPFGIGRIVQDGLVFRQNFSIRSYEIGADRSASIETVMNHLQETALNHVKTAGLLGDGFGSTPEMFKKNLIWVVTRMQVVVDKYPTWGDVVEVDTWVSQSGKNGMRRDWLVRDCNTGETLTRASSVWVMMNKLTRRLSKIPEEVRGEIEPYFVNSDPVLAEDSRKLTKIDDKTADYVRSGLTPRWSDLDVNQHVNNVKYIGWILESAPVGIMERQKLKSMTLEYRRECGRDSVLQSLTAVTGCDIGNLATAGDVECQHLLRLQDGAEVVRGRTEWSSKTPTTTWGTAP,1
Auxenochlorella_protothecoides,mvenkrvfleehrirgneagpsqhvtiaavanilqeaagnhavamwgrssqgfatdpelverglifvmtrmqiqmhryprwgdlvqvetwfqaagklgaqrewllrdkltgevlgaatstwvminmrtrrpcrmpelvrwksacfarepprlalpsdvtraklpavadpaplrgnrqvarradmdmnghvnnvaylawtleavpeevwagshlyqveidfkaechagdvvcslaqevppqealthngagrepacyvhsllrgetelvrarttwrvsdatrggvaahgsaaaasngsaaaasngsaphangngah,1
Brassica_juncea_(BjFatB1),MVATSATSSFFPLPSSPLYPTAKTNKVTTSTNFSGLSPTPNSARMKVKPNAQAPPKINGKRVGLPGSVKPDNETSSQHPAAPRTFINQLPDWSMLLAAITTVFLAAEKQWMMLDWKPRRSDVIMYPFGLGRIVQDGLVFRQNFSIRSYEIGADRSASIETVMNHLQETALNHVKTAGLLGDGFGSTPEMVKKNLIWVVTRMQVVVDKYPTWGDVVEVDTWVSKSGKNGMRRDWLVRDGNTGQILTRASSVWVMMNKLTRRLSKIPEEVRGEIEPYFVDSDPVLAEDSRMLTKLDDKTADYVRSGLTPRWSDLDVNQHVNNVKYIGWILESAPVGMMESQKLKSMTLEYRRECGRDSVLQSLTAVSGCDIGNLGTAGEVECQHLLRLQDGAEVVRGRTEWSSKTPTTTWDITP,1
Brassica_juncea_(BjFatB2),MVATSATSSFFPLPSSSLDPNAKTNNKVTSTNFAGLGPTPNSGGRMKVKPNAQAPPKINGKKVGLPGSVEIETSQQQQPAPRTFINQLPDWSMLLAAITTVFLAAEKQWMMLDWKPRRSDMIMDPFGLGRIVQDGLVFRQNFSIRSYEIGADRSASIETVMNHLQETALNHVKTAGLLGDGFGSTPEMVRKNLIWVVTRMQVVVDKYPTWGDVVEVDTWVSQSGKNGMRRDWLVRDGNTGEILTRASSVWVMMNKLTRRLSKIPEEVRGEIEPYFVDSDPVLAEDSRKLTKLDDKTADYVRSGLTPRWNDLDVNQHVNNVKYIGWILESAPVGMMESQKLKSMTLEYRRECGRDSVLQSLTAVSGCDIGNLGTAGEVECQHLLRLQDGAEVVRGRTEWSSKTPTTTWDITS,1
Brassica_juncea_(BjFatB3),MVATSATSSFFPLPSSSLDPNAKTNNKVTSTNFAGLGPTPNSGGRTKVKPNAQAPPKINGKKVGLPGSVEIETSQQQQPAPRTFINQLPDWSMLLAAITTVFLAAEKQWMMLNWKPRRSDMIMDPFGLGRIVQDGLVFRQNFSIRSYEIGADRSASIETVMNHLQETALNHVKTAGLLRDGFGSTPEMVKKNLIWVVTRMQVVVDTYPTWGDVVEVDTWVSKSGKNGMRRDWLVRDGNTGQILTRASSVWVMMNKLTRRLSKIPEEVRGEIEPYFVDSDPVLAEDSRKLTKLDDKTADYVRSGLTPRWSDLDVNQHVNNVNYIGWILESAPVGMMESQKLKSMTLEYRRECGRDSVLQSLTAVSGCDIGNLGTAGEVECQHLLRLQDGAEVVRGRTEWSSKTPTTTWDITS,1
Brassica_juncea_(BjFatB4),MVATSATSSFFPLPSSSLDPNAKTNNKVTSTNFAGLGPTPNSGGRMKVKPNAQAPPKINGKKVGLPGSVEIETSQQQQPAPRTFINQLPDWSMLLAAITTVFLAAEKQWMMLDWKPRRSDMIMDPFGLGRIVQDGLVFRQNFSIRSYEIGADRSASIETVMNHLQETALNHVKTAGLLGDGFGSTPEMVKTNLIWVVTRMQVVVDKYPTWGDVVEVDTWVSKSGKNGMRRDWLVRDGNTGQILTRASSVWVMMNKLMRRLSKIPEEVRGEIEPYFVDSDPVLAEDSRKLTKLDDKTADYVRSGLTPRWSDLDVNQHVNNVKYIGWILESAPVGMMESQKLKSMTLEYRRECGRDSVLQSLTAVSGCDIGNLGTAGEVECQHLLRLQDGAEVVRGRTEWSSKTPTTTWDITP,1
Cinnamomum_camphorum,MATTSLASAFCSMKAVMLARDGRGMKPRSSDLQLRAGNAQTSLKMINGTKFSYTESLKKLPDWSMLFAVITTIFSAAEKQWTNLEWKPKPNPPQLLDDHFGPHGLVFRRTFAIRSYEVGPDRSTSIVAVMNHLQEAALNHAKSVGILGDGFGTTLEMSKRDLIWVVKRTHVAVERYPAWGDTVEVECWVGASGNNGRRHDFLVRDCKTGEILTRCTSLSVMMNTRTRRLSKIPEEVRGEIGPAFIDNVAVKDEEIKKPQKLNDSTADYIQGGLTPRWNDLDINQHVNNIKYVDWILETVPDSIFESHHISSFTIEYRRECTMDSVLQSLTTVSGGSSEAGLVCEHLLQLEGGSEVLRAKTEWRPKLTDSFRGISVIPAESSV,2
Cocos_nucifera_(CnFatB1),MVAAAATSAFFPVPAPGTSPKPGKSGNWPSSLSPTFKPKSIPNGGFQVKANASAHPKANGSAVNLKSGSLNTQEDTSSSPPPRAFLNQLPDWSMLLTAITTVFVAAEKQWTMLDRKSKRPDMLVDSVGLKSIVRDGLVSRHSFSIRSYEIGADRTASIETLMNHLQETTINHCKSLGLHNDGFGRTPGMCKNDLIWVLTKMQIMVNRYPTWGDTVEINTWFSQSGKIGMASDWLISDCNTGEILIRATSVWAMMNQKTRRFSRLPYEVRQELTPHFVDSPHVIEDNDQKLRKFDVKTGDSIRKGLTPRWNDLDVNQHVSNVKYIGWILESMPIEVLETQELCSLTVEYRRECGMDSVLESVTAVDPSENGGRSQYKHLLRLEDGTDIVKSRTEWRPKNAGTNGAISTSTAKTSNGNSVS,2
Cocos_nucifera_(CnFatB2),MTAASSAFFPVPSADTSSRPGKLGNGPSSFSPLKPKSIPNGGLQVKASASAPPKINGSSVGLKSGGLKTHDDAPSAPPPRTFINQLPDWSMLLAAITTAFLAAEKQWMMLDRKPKRLDMLEDPFGLGRVVQDGLVFRQNFSIRSYEIGADRTASIETVMNHLQETALNHVKTAGLSNDGFGRTPEMYKRDLIWVVAKMQVMVNRYPTWGDTVEVNTWVAKSGKNGMRRDWLISDCNTGEILTRASSVWVMMNQKTRKLSKIPDEVRREIEPHFVDSAPVIEDDDRKLPKLDEKSADSIRKGLTPRWNDLDVNQHVNNAKYIGWILESTPPEVLETQELCSLTLEYRRECGRESVLESLTAVDPSGEGYGSQFQHLLRLEDGGEIVKGRTEWRPKNAGINGVVPSEESSPGDYS,1
Cocos_nucifera_(CnFatB3),MVAAAASSAFFSFPTPGTSPKPGKFGNWPSSLSIPFNPKSNHNGGIQVKANASAHPKANGSAVSLKAGSLETQEDTSSPSPPPRTFISQLPDWSMLVSAITTVFVAAEKQWTMLDRKSKRPDVLVEPFVQDGVSFRQSFSIRSYEIGVDRTASIETLMNIFQETSLNHCKSLGLLNDGFGRTPEMCKRDLIWVVTKMQIEVNRYPTWGDTIEVTTWVSESGKNGMSRDWLISDCHSGEILIRATSVWAMMNQKTRRLSKIPDEVRQEIVPYFVDSAPVIEDDRKLHKLDVKTGDSIRNGLTPRWNDFDVNQHVNNVKYIAWLLKSVPTEVFETQELCGLTLEYRRECRRDSVLESVTAMDPSKEGDRSLYQHLLRLENGADIALGRTEWRPKNAGATGAVSTGKTSNGNSVS,2
Cuphea_aequipetala_(Ca1FatB1),MANGSAVSLKSGSIETQEDKTSSSSPPPRTFINQLPVWSMLLSAVTTVFGVAEKQWPMLDRKSKRPDMLMEPLGVDRIVYDGVSFRQSFSIRSYEIGADRTASIETLMNMFQETSLNHCKIIGLLNDGFGRTPEMCKRDLIWVVTKMQIEVNRYPTWGDTIEVNTWVSASGKHGMGRDWLISDCHTGEILIRATSVWAMMNQKTRRLSKIPYEVRQEIEPQFVDSAPVIEDDRKLHKLDLKTGISICNGLTPRWTDLDVNQHVNNVKYIGWILQSVPTEVFEKQELCGLTLEYRRECGRDSVLESVTAMDPSKEGDRSLYQHLLRLEDGADIVKGRTEWRPKNAGANGAISTGKTSNGNSIS,1
Cuphea_aequipetala_(Ca1FatB2),MANGSAVTLKSGSLNTQEDTLSSSPPPRAFFNQLPDWSMLLTAITTVFVAPEKRWTMFDRKSKRPNMLMDSFGLERVVQDGLVFRQSFSIRSYEICADRTASLETVMNHVQETSLNQCKSIGLLDDGFGRSPEMCKRDLIWVVTRMKIMVNRYPTWGDTIEVSTWLSQSGKIGMGRDWLISDCSTGEILVRATSVYAMMNQKTRRFSKLPHEVRQEFAPHFLDSPPAIEDNDGKLQKFDVKTGDSIRKGLTPGWYDLDVNQHVSNVKYIGWILESMPTEVLETQELCSLTLEYRRECGRDSVLESVTSMDPSKVGDRFQYRHLLRLEDGADIMKGRTEWRPKNAGTNGVISTGKT,3
Cuphea_avigera_(Ca2FatB2),MANGSAVSLKSGSLNTQEDTSSSPPPRTFLHQLPDWSRLLTAITTVFVKSKRPDMHDRKSKRPDMLMDSFGLESIVQEGLEFRQSFSIRSYEIGTDRTASIETLMNYLQETSLNHCKSTGILLDGFGRTPEMCKRDLIWVVTKMKIKVNRYPAWGDTVEINTWFSRLGKIGKGRDWLISDCNTGEILIRATSAYATMNQKTRRLSKLPYEVHQEIAPLFVDSPPVIEDNDLKLHKFEVKTGDSIHKGLTPGWNDLDVNQHVSNVKYIGWILESMPTEVLETQELCSLALEYRRECGRDSVLESVTAMDPTKVGGRSQYQHLLRLEDGTDIVKCRTEWRPKNPGANGAISTGKTSNGNSVS,3
Cuphea_carthagenesis_(CcFatB),MAASSAFFPVTTPGTSRKPGKFGNWLSSLSPPFRPKSIPSGGFQVKANASAHPKANGSAVSLKSGSLNTQEDTSSSPPPRAFINQLPDWSMLLTAITTVFVAAEKQWTMLDRKSKRSDMLVDSFGMERIVQDGLVFRQSFSIRSYEIGADRRASIETLMNHLQETSLNHCKSIRLLNEGFGRTPEMCKRDLIWVVTRMHIMVNRYPTWGDTVEINTWVSQSGKNGMGRDWLISDCNTGEILIRATSAWAMMNQKTRRLSKLPYEVSQEIAPHFVDSPPVIEDGDRKLHKFDVKTGDSIRKGLTPRWNDLDVNQHVNNVKYIGWILESMPTEVLETHELCFLTLEYRRECGRDSVLESVTAMDPSNEGGRSHYQHLLRLEDGTDIVKGRTEWRPKNARNIGAISTGKTSNGNPAS,2
Cuphea_decandra_(Cd1FatB1),MGINGSSVGLKSGSLKTQEDTPSSPPPRTFINQLPDWSMLLAAITTVFLAAEKQWMMLDWKPKRPDMLVDPFGLGRIVQDGLVFRQNFSIRSYEIGADRTASIETLMNHLQETALNHVKSAGLLNDGFGRTPEMYKRDLIWVVAKMQVMVNRYPTWGDTVEVNTWVAKSGKNGMRRDWLISDCNTGEILTRASSVWVMMNQKTRRLSKIPDEVRHEIEPHFVDSPPVIEDDDRKLPKLDEKTADSIRKGLTPRWNDLDVNQHVNNVKYIGWILESTPQEVLETQELCSLTLEYRRECGRDSVLESLTAVDHSGKGSGSNFQHLLRLEDGGEIVKGRTEWRPKNAVINGAVAPGETSPGNSVS,1
Cuphea_hookeriana(short)_(ChFatB2),MVAAAASSAFFPVPAPGASPKPGKFGNWPSSLSPSFKPKSIPNGGFQVKANDSAHPKANGSAVSLKSGSLNTQEDTSSSPPPRTFLHQLPDWSRLLTAITTVFVKSKRPDMHDRKSKRPDMLVDSFGLESTVQDGLVFRQSFSIRSYEIGTDRTASIETLMNHLQETSLNHCKSTGILLDGFGRTLEMCKRDLIWVVIKMQIKVNRYPAWGDTVEINTRFSRLGKIGMGRDWLISDCNTGEILVRATSAYAMMNQKTRRLSKLPYEVHQEIVPLFVDSPVIEDSDLKVHKFKVKTGDSIQKGLTPGWNDLDVNQHVSNVKYIGWILESMPTEVLETQELCSLALEYRRECGRDSVLESVTAMDPSKVGVRSQYQHLLRLEDGTAIVNGATEWRPKNAGANGAISTGKTSNGNSVS,3
Cuphea_hookeriana_(ChFatB1),MVATAASSAFFPLPSADTSSRPGKLGNKPSSLSPLKPKSTPNGGLQVKANASAPPKINGSPVGLKSGGLKTQEDAHSAPPPRTFINQLPDWSMLLAAITTVFLAAEKQWMMLDWKPKRPDMLVDPFGLGSIVQDGLVFRQNFSIRSYEIGADRTASIETVMNHLQETALNHVKIAGLSNDGFGRTPEMYKRDLIWVVAKMQVMVNRYPTWGDTVEVNTWVAKSGKNGMRRDWLISDCNTGEILTRASSVWVMMNQKTRRLSKIPDEVRNEIEPHFVDSPPVIEDDDRKLPKLDEKTADSIRKGLTPRWNDLDVNQHVNNVKYIGWILESTPPEVLETQELCSLTLEYRRECGRESVLESLTAMDPSGGGYGSQFQHLLRLEDGGEIVKGRTEWRPKNGVINGVVPTGESSPGDYS,1
Cuphea_leptopoda_(Cl1FatB1),MANGSAVSLKSDTLETQEDTSSSSPPPRTFINQLPDWSMLLSAFTNVFVAAEKQWTMLDRKYKRPDMLVESSGVDRTDLDGVLFRQSFSIRSYEIGADRTASIETLMNIFQETSLNHCKSNGLLNDGFGRTPEMCKRDLIWVVTKMQIEVNRYPTWGDNIEVTTWVSESGKNGMGRHWLISDCHTGEILIRATRRVAMMNQKTRRLSKLPYEVRQEIAPHFVDSAHVIEDDRKLHKLEVKTGDSIRNGLTPRWNDLDVNQHVNNVKYIGWILKSVPTEVFVTQELCGLTLEYRRECRRDSVLESVTAMDPSKEGDRSLYQHLLRLENGADIALGRTEWRPKNAGANGAISTGKTSNGNS,1
Cuphea_leptopoda_(Cl2FatB2),MANGSAVNLKSGSLNTQEDSSSSPSPRAFLNQLPDWSVLLTAITTVFVAAEKQWTMLDRKSKRPDVLVDSVGLKSIVRDGLVSRQSFSIRSYEIGADRTASIETLMNHLQETSINHCKSLGLLNDGFGRTPGMCKNDLIWVLTKMQIMVNRYPAWGDTVEINTWFSQSGKIGMGSDWLISDCNTGEILIRATSVWAMMNQKTRRFSRLPYEVRQELTPHFVDSPHVIEDNDRKLHKFDVKTGDSIRKGLTPRWNDLDVNQHVSNVKYIGWILESMPIEVLETQELCSLTVEYRRECGMDSVLESVTAMDPSEDGGRSQYNHLLRLEDGTDVVKGRTEWRPKNAGTNGAISTTKTSPGNSVS,3
Cuphea_leptopoda_(Cl3FatB1),MGINGSSVGLKSGSLKTQEDTPSAPPPRTFINQLPDWSMLLAAITTVFLAAEKQWMMLDWKPKRPDMLVDPFGLGSIVQNGLVFRQNFSIRSYEIGADRTASIETVMNHLQETALNHVKSAGLLNDGFGRTPEMYKRDLIWVVAKMQVMVNRYPTWGDTVEVNTWVAKSGKNGMRRDWLISDCNTGEILTRASSVWVMMNQKTRRLSKIPDEVRHEIEPHFVDSAPVIEDDDRKLPKLDENTADSIRKGLTPKWNDLDVNQHVNNVKYIGWILESTPQEVLETQELCSLTLEYRRECGRESVLESLTAVDPSEKGFGSQFQHLLRLEDGGEIVKGRTEWRPKTAGINGAIASRETSPGDF,1
Cuphea_leptopoda_(Cl4FatB1),MAASSACFPAPAPGTSPKPGKSGNWPSSLSPSLKPKSIPNGGFQVKANASAHPKANGAAVNLKSGSLNTQEDTSSSPPPRAFLNQLPDWSMLLTAITTVFVAAEKQWTMLDRKSKRPDMLVDSVGLKNIVRDGLVSRQSFSIRSYEIGADRTASIETLMNHLQETSINHCKSLGLLNDGFGRTPGMCKNDLIWVLTKMQILVNRYPAWGDTVEINTWFSQSGKIGMGSDWLISDCNTGEILIRATSVWAMMNQKTRRFSRLPYEVRQELTPHFVDSPHVIEDNDRKLHKFDVKTGDSIRKGLTPRWNDLDVNQHVSNVKYIGWILESMPIEVLETQELCSLTVEYRRECGMDSVLESVTARDPSEDGGRSQYNHLLRLEDGTDVVKGRTEWRSKNAGTNGATSTAKTSNGNSVS,3
Cuphea_palustris(long)_(CpFatB2),MVAAAASAAFFSVATPRTNISPSSLSVPFKPKSNHNGGFQVKANASAHPKANGSAVSLKSGSLETQEDKTSSSSPPPRTFINQLPVWSMLLSAVTTVFGVAEKQWPMLDRKSKRPDMLVEPLGVDRIVYDGVSFRQSFSIRSYEIGADRTASIETLMNMFQETSLNHCKIIGLLNDGFGRTPEMCKRDLIWVVTKMQIEVNRYPTWGDTIEVNTWVSASGKHGMGRDWLISDCHTGEILIRATSVWAMMNQKTRRLSKIPYEVRQEIEPQFVDSAPVIVDDRKFHKLDLKTGDSICNGLTPRWTDLDVNQHVNNVKYIGWILQSVPTEVFETQELCGLTLEYRRECGRDSVLESVTAMDPSKEGDRSLYQHLLRLEDGADIVKGRTEWRPKNAGAKGAILTGKTSNGNSIS,1
Cuphea_palustris_(CpFatB1),MVAAAASSACFPVPSPGASPKPGKLGNWSSSLSPSLKPKSIPNGGFQVKANASAHPKANGSAVTLKSGSLNTQEDTLSSSPPPRAFFNQLPDWSMLLTAITTVFVAPEKRWTMFDRKSKRPNMLMDSFGLERVVQDGLVFRQSFSIRSYEICADRTASIETVMNHVQETSLNQCKSIGLLDDGFGRSPEMCKRDLIWVVTRMKIMVNRYPTWGDTIEVSTWLSQSGKIGMGRDWLISDCNTGEILVRATSVYAMMNQKTRRFSKLPHEVRQEFAPHFLDSPPAIEDNDGKLQKFDVKTGDSIRKGLTPGWYDLDVNQHVSNVKYIGWILESMPTEVLETQELCSLTLEYRRECGRDSVLESVTSMDPSKVGDRFQYRHLLRLEDGADIMKGRTEWRPKNAGTNGAISTGKT,3
Cuphea_paucipetala_(Cp1FatB1),MANGSAVSLKDGSLETQEGTSSSSHPPRTFINQLPDWSMLLSAITTVFVAAEKQWTMLDRKSKRPDMLVEPFVQDGVSFRQSFSIRSYEIGADRTASIETLMNIFQETSLNHCKSLGLLNDGFGRTPEMCKRDLIWVVTKMQIEVNRYPTWGDTIEVTTWVSESGKNGMSRDWLISDCHTGEILIRATSVWAMMNQKTRRLSKIPDEVRQEIVPYFVDSAPVIEDDRKLHKLDVKTGDSIRNGLTPRWNDLDVNQHVNNVKYIGWILKSVPTEVFVTQELCGLTLEYRRECRRDSVLESVTAMDPSKEGDRSLYQHLLRLENGADIALGRTEWRPKNAGTNGAISTTKTSPGNSVS,1
Cuphea_viscosissima_(CvFatB1),MVAAAATSAFFPVPAPGTSPKPGKSGNWPSSLSPTFKPKSIPNGGFQVKANASAHPKANGSAVNLKSGSLNTQEDTSSSPPPRAFLNQLPDWSMLLTAITTVFVAAEKQWTMLDRKSKRPDMLVDSVGLKSIVRDGLVSRHSFSIRSYEIGADRTASIETLMNHLQETTINHCKSLGLHNDGFGRTPGMCKNDLIWVLTKMQIMVNRYPTWGDTVEINTWFSQSGKIGMASDWLISDCNTGEILIRATSVWAMMNQKTRRFSRLPYEVRQELTPHFVDSPHVIEDNDQKLRKFDVKTGDSIRKGLTPRWNDLDVNQHVSNVKYIGWILESMPIEVLETQELCSLTVEYRRECGMDSVLESVTAVDPSENGGRSQYKHLLRLEDGTDIVKSRTEWRPKNAGTNGAISTSTAKTSNGNSVS,3
Cuphea_viscosissima_(CvFatB2),MTAASSAFFPVPSADTSSRPGKLGNGPSSFSPLKPKSIPNGGLQVKASASAPPKINGSSVGLKSGGLKTHDDAPSAPPPRTFINQLPDWSMLLAAITTAFLAAEKQWMMLDRKPKRLDMLEDPFGLGRVVQDGLVFRQNFSIRSYEIGADRTASIETVMNHLQETALNHVKTAGLSNDGFGRTPEMYKRDLIWVVAKMQVMVNRYPTWGDTVEVNTWVAKSGKNGMRRDWLISDCNTGEILTRASSVWVMMNQKTRKLSKIPDEVRREIEPHFVDSAPVIEDDDRKLPKLDEKSADSIRKGLTPRWNDLDVNQHVNNAKYIGWILESTPPEVLETQELCSLTLEYRRECGRESVLESLTAVDPSGEGYGSQFQHLLRLEDGGEIVKGRTEWRPKNAGINGVVPSEESSPGDYS,1
Cuphea_viscosissima_(CvFatB3),MVAAAASSAFFSFPTPGTSPKPGKFGNWPSSLSIPFNPKSNHNGGIQVKANASAHPKANGSAVSLKAGSLETQEDTSSPSPPPRTFISQLPDWSMLVSAITTVFVAAEKQWTMLDRKSKRPDVLVEPFVQDGVSFRQSFSIRSYEIGVDRTASIETLMNIFQETSLNHCKSLGLLNDGFGRTPEMCKRDLIWVVTKMQIEVNRYPTWGDTIEVTTWVSESGKNGMSRDWLISDCHSGEILIRATSVWAMMNQKTRRLSKIPDEVRQEIVPYFVDSAPVIEDDRKLHKLDVKTGDSIRNGLTPRWNDFDVNQHVNNVKYIAWLLKSVPTEVFETQELCGLTLEYRRECRRDSVLESVTAMDPSKEGDRSLYQHLLRLENGADIALGRTEWRPKNAGATGAVSTGKTSNGNSVS,1
Cuphea_viscosisssima_(CvB2MT1,MTAASSAFFPVPSADTSSRPGKLGNGPSSFSPLKPKSIPNGGLQVKASASAPPKINGSSVGLKSGGLKTHDDAPSAPPPRTFINQLPDWSMLLAAITTAFLAAEKQWMMLDRKPKRLDMLEDPFGLGRVVQDGLVFRQNFSIRSYEIGADRTASIETVMNHLQETALNHVKTAGLSNDGFGRTPEMYKRDLIWVFAKMQVMVNRYPTWGDTVEVNTWVAKSGKNGMRRDWLISDCNTGEILTRASSVWVMMNQKTRKLSKIPDEVRREIEPHFVDSAPVIEDDDRKLPKLDEKSADSIRKGLTPRWNDLDVNQHVNNAKYIGWILESTPPEVLETQELCSLTLEYRRECGRESVLESLTAVDPSGEGYGSQFQHLLRLEDGGEIVKGRTEWRPKNAGIN,3
Cuphea_viscosisssima_(CvB2MT10,MTAASSAFFPVPSADTSSRPGKLGNGPSSFSPLKPKSIPNGGLQVKASASAPPKINGSSVGLKSGGLKTHDDAPSAPPPRTFINQLPDWSMLLAAITTAFLAAEKQWMMLDRKPKRLDMLEDPFGLGRVVQDGLVFRQNFSIRSYEIGADRTASIETVMNHLQETALNHVKTAGLSNDGFGRTPEMYKRDLIWVVAKMQVMVNRYPTWGDTVEVNTWFAKSGKIGMRRDWLISDCNTGEILTRASSVWVMMNQKTRKLSKIPDEVRREIEPHFVDSAPVIEDDDRKLPKLDEKSADSIRKGLTPRWNDLDVNQHVNNAKYIGWILESTPPEVLETQELCSLTLEYRRECGRESVLESLTAVDPSGEGYGSQFQHLLRLEDGGEIVKGRTEWRPKNAGIN,3
Cuphea_viscosisssima_(CvB2MT11,MTAASSAFFPVPSADTSSRPGKLGNGPSSFSPLKPKSIPNGGLQVKASASAPPKINGSSVGLKSGGLKTHDDAPSAPPPRTFINQLPDWSMLLAAITTAFLAAEKQWMMLDRKPKRLDMLEDPFGLGRVVQDGLVFRQNFSIRSYEIGADRTASIETVMNHLQETALNHVKTAGLSNDGFGRTPEMYKRDLIWVVAKMQVMVNRYPTWGDTVEVNTWVAKSGKNGMRRDWLISDCNTGEILTRASSVWVMMNQKTRKLSKIPDEVRREIEPHFVDSAPVIEDNDRKLPKFDEKSADSIRKGLTPRWNDLDVNQHVNNAKYIGWILESTPPEVLETQELCSLTLEYRRECGRESVLESLTAVDPSGEGYGSQFQHLLRLEDGGEIVKGRTEWRPKNAGIN,2
Cuphea_viscosisssima_(CvB2MT12,MTAASSAFFPVPSADTSSRPGKLGNGPSSFSPLKPKSIPNGGLQVKASASAPPKINGSSVGLKSGGLKTHDDAPSAPPPRTFINQLPDWSMLLAAITTAFLAAEKQWMMLDRKPKRLDMLEDPFGLGRVVQDGLVFRQNFSIRSYEIGADRTASIETVMNHLQETALNHVKTAGLSNDGFGRTPEMYKRDLIWVVAKMQVMVNRYPTWGDTVEVNTWFAKSGKNGMRRDWLISDCNTGEILTRASSVWVMMNQKTRKFSKIPDEVRREIEPHFVDSAPVIEDDDRKLPKLDEKSADSIRKGLTPRWNDLDVNQHVNNAKYIGWILESTPPEVLETQELCSLTLEYRRECGRESVLESLTAVDPSGEGYGSQFQHLLRLEDGGEIVKGRTEWRPKNAGIN,3
Cuphea_viscosisssima_(CvB2MT13,MTAASSAFFPVPSADTSSRPGKLGNGPSSFSPLKPKSIPNGGLQVKASASAPPKINGSSVGLKSGGLKTHDDAPSAPPPRTFINQLPDWSMLLAAITTAFLAAEKQWMMLDRKPKRLDMLEDPFGLGRVVQDGLVFRQNFSIRSYEIGADRTASIETVMNHLQETALNHVKTAGLSNDGFGRTPEMYKRDLIWVVAKMQVMVNRYPTWGDTVEVNTWVAKSGKIGMRRDWLISDCNTGEILTRASSVWVMMNQKTRKLSKLPDEVRREIEPHFVDSAPVIEDDDRKLPKLDEKSADSIRKGLTPRWNDLDVNQHVNNAKYIGWILESTPPEVLETQELCSLTLEYRRECGRESVLESLTAVDPSGEGYGSQFQHLLRLEDGGEIVKGRTEWRPKNAGIN,2
Cuphea_viscosisssima_(CvB2MT14,MTAASSAFFPVPSADTSSRPGKLGNGPSSFSPLKPKSIPNGGLQVKASASAPPKINGSSVGLKSGGLKTHDDAPSAPPPRTFINQLPDWSMLLAAITTAFLAAEKQWMMLDRKPKRLDMLEDPFGLGRVVQDGLVFRQNFSIRSYEIGADRTASIETVMNHLQETALNHVKTAGLSNDGFGRTPEMYKRDLIWVVAKMQVMVNRYPTWGDTVEVNTWVAKSGKNGMRRDWLISDCNTGEILTRASSVWVMMNQKTRKLSKIPDEVRREIEPHFVDSPPVIEDNDRKLPKFDEKSADSIRKGLTPRWNDLDVNQHVNNAKYIGWILESTPPEVLETQELCSLTLEYRRECGRESVLESLTAVDPSGEGYGSQFQHLLRLEDGGEIVKGRTEWRPKNAGIN,1
Cuphea_viscosisssima_(CvB2MT15,MTAASSAFFPVPSADTSSRPGKLGNGPSSFSPLKPKSIPNGGLQVKASASAPPKINGSSVGLKSGGLKTHDDAPSAPPPRTFINQLPDWSMLLAAITTAFLAAEKQWMMLDRKPKRLDMLEDPFGLGRVVQDGLVFRQNFSIRSYEIGADRTASIETVMNHLQETALNHVKTAGLSNDGFGRTPEMYKRDLIWVVAKMQVMVNRYPTWGDTVEVNTWFAKSGKIGMRRDWLISDCNTGEILTRASSVWVMMNQKTRKFSKIPDEVRREIEPHFVDSAPVIEDDDRKLPKLDEKSADSIRKGLTPRWNDLDVNQHVNNAKYIGWILESTPPEVLETQELCSLTLEYRRECGRESVLESLTAVDPSGEGYGSQFQHLLRLEDGGEIVKGRTEWRPKNAGIN,3
Cuphea_viscosisssima_(CvB2MT16,MTAASSAFFPVPSADTSSRPGKLGNGPSSFSPLKPKSIPNGGLQVKASASAPPKINGSSVGLKSGGLKTHDDAPSAPPPRTFINQLPDWSMLLAAITTAFLAAEKQWMMLDRKPKRLDMLEDPFGLGRVVQDGLVFRQNFSIRSYEIGADRTASIETVMNHLQETALNHVKTAGLSNDGFGRTPEMYKRDLIWVVAKMQVMVNRYPTWGDTVEVNTWFAKSGKIGMRRDWLISDCNTGEILTRASSVWVMMNQKTRKLSKLPDEVRREIEPHFVDSAPVIEDDDRKLPKLDEKSADSIRKGLTPRWNDLDVNQHVNNAKYIGWILESTPPEVLETQELCSLTLEYRRECGRESVLESLTAVDPSGEGYGSQFQHLLRLEDGGEIVKGRTEWRPKNAGIN,2
Cuphea_viscosisssima_(CvB2MT17),MTAASSAFFPVPSADTSSRPGKLGNGPSSFSPLKPKSIPNGGLQVKASASAPPKINGSSVGLKSGGLKTHDDAPSAPPPRTFINQLPDWSMLLAAITTAFLAAEKQWMMLDRKPKRLDMLEDPFGLGRVVQDGLVFRQNFSIRSYEIGADRTASIETVMNHLQETALNHVKTAGLSNDGFGRTPEMYKRDLIWVVAKMQVMVNRYPTWGDTVEVNTWVAKSGKNGMRRDWLISDCNTGEILTRASSVWVMMNQKTRKLSKIPDEVRREFEPHFVDSPPVIEDNDRKLPKFDEKSADSIRKGLTPRWNDLDVNQHVNNAKYIGWILESTPPEVLETQELCSLTLEYRRECGRESVLESLTAVDPSGEGYGSQFQHLLRLEDGGEIVKGRTEWRPKNAGIN,3
Cuphea_viscosisssima_(CvB2MT18,MTAASSAFFPVPSADTSSRPGKLGNGPSSFSPLKPKSIPNGGLQVKASASAPPKINGSSVGLKSGGLKTHDDAPSAPPPRTFINQLPDWSMLLAAITTAFLAAEKQWMMLDRKPKRLDMLEDPFGLGRVVQDGLVFRQNFSIRSYEIGADRTASIETVMNHLQETALNHVKTAGLSNDGFGRTPEMYKRDLIWVVAKMQVMVNRYPTWGDTVEVNTWFAKSGKIGMRRDWLISDCNTGEILTRASSVWVMMNQKTRKFSKLPDEVRREIEPHFVDSAPVIEDDDRKLPKLDEKSADSIRKGLTPRWNDLDVNQHVNNAKYIGWILESTPPEVLETQELCSLTLEYRRECGRESVLESLTAVDPSGEGYGSQFQHLLRLEDGGEIVKGRTEWRPKNAGIN,3
Cuphea_viscosisssima_(CvB2MT19,MTAASSAFFPVPSADTSSRPGKLGNGPSSFSPLKPKSIPNGGLQVKASASAPPKINGSSVGLKSGGLKTHDDAPSAPPPRTFINQLPDWSMLLAAITTAFLAAEKQWMMLDRKPKRLDMLEDPFGLGRVVQDGLVFRQNFSIRSYEIGADRTASIETVMNHLQETALNHVKTAGLSNDGFGRTPEMYKRDLIWVVAKMQVMVNRYPTWGDTVEVNTWFSQSGKIGMRRDWLISDCNTGEILTRASSVWVMMNQKTRKLSKIPDEVRREIEPHFVDSAPVIEDDDRKLPKLDEKSADSIRKGLTPRWNDLDVNQHVNNAKYIGWILESTPPEVLETQELCSLTLEYRRECGRESVLESLTAVDPSGEGYGSQFQHLLRLEDGGEIVKGRTEWRPKNAGIN,3
Cuphea_viscosisssima_(CvB2MT2,MTAASSAFFPVPSADTSSRPGKLGNGPSSFSPLKPKSIPNGGLQVKASASAPPKINGSSVGLKSGGLKTHDDAPSAPPPRTFINQLPDWSMLLAAITTAFLAAEKQWMMLDRKPKRLDMLEDPFGLGRVVQDGLVFRQNFSIRSYEIGADRTASIETVMNHLQETALNHVKTAGLSNDGFGRTPEMYKRDLIWVVAKMQVMVNRYPTWGDTVEVNTWFAKSGKNGMRRDWLISDCNTGEILTRASSVWVMMNQKTRKLSKIPDEVRREIEPHFVDSAPVIEDDDRKLPKLDEKSADSIRKGLTPRWNDLDVNQHVNNAKYIGWILESTPPEVLETQELCSLTLEYRRECGRESVLESLTAVDPSGEGYGSQFQHLLRLEDGGEIVKGRTEWRPKNAGIN,2
Cuphea_viscosisssima_(CvB2MT20,MTAASSAFFPVPSADTSSRPGKLGNGPSSFSPLKPKSIPNGGLQVKASASAPPKINGSSVGLKSGGLKTHDDAPSAPPPRTFINQLPDWSMLLAAITTAFLAAEKQWMMLDRKPKRLDMLEDPFGLGRVVQDGLVFRQNFSIRSYEIGADRTASIETVMNHLQETALNHVKTAGLSNDGFGRTPEMYKRDLIWVVAKMQVMVNRYPTWGDTVEVNTWFAKSGKIGMASDWLISDCNTGEILTRASSVWVMMNQKTRKLSKIPDEVRREIEPHFVDSAPVIEDDDRKLPKLDEKSADSIRKGLTPRWNDLDVNQHVNNAKYIGWILESTPPEVLETQELCSLTLEYRRECGRESVLESLTAVDPSGEGYGSQFQHLLRLEDGGEIVKGRTEWRPKNAGIN,3
Cuphea_viscosisssima_(CvB2MT21,MTAASSAFFPVPSADTSSRPGKLGNGPSSFSPLKPKSIPNGGLQVKASASAPPKINGSSVGLKSGGLKTHDDAPSAPPPRTFINQLPDWSMLLAAITTAFLAAEKQWMMLDRKPKRLDMLEDPFGLGRVVQDGLVFRQNFSIRSYEIGADRTASIETVMNHLQETALNHVKTAGLSNDGFGRTPEMYKRDLIWVVAKMQVMVNRYPTWGDTVEVNTWVAKSGKIGMRRDWLISDCNTGEILTRASSVWVMMNQKTRKLSKIPDEVRREIEPHFVDSPPVIEDNDRKLPKFDEKSADSIRKGLTPRWNDLDVNQHVNNAKYIGWILESTPPEVLETQELCSLTLEYRRECGRESVLESLTAVDPSGEGYGSQFQHLLRLEDGGEIVKGRTEWRPKNAGIN,2
Cuphea_viscosisssima_(CvB2MT22,MTAASSAFFPVPSADTSSRPGKLGNGPSSFSPLKPKSIPNGGLQVKASASAPPKINGSSVGLKSGGLKTHDDAPSAPPPRTFINQLPDWSMLLAAITTAFLAAEKQWMMLDRKPKRLDMLEDPFGLGRVVQDGLVFRQNFSIRSYEIGADRTASIETVMNHLQETALNHVKTAGLSNDGFGRTPEMYKRDLIWVVAKMQVMVNRYPTWGDTVEVNTWFAKSGKNGMRRDWLISDCNTGEILTRASSVWVMMNQKTRKLSKIPDEVRREIEPHFVDSPPVIEDNDRKLPKFDEKSADSIRKGLTPRWNDLDVNQHVNNAKYIGWILESTPPEVLETQELCSLTLEYRRECGRESVLESLTAVDPSGEGYGSQFQHLLRLEDGGEIVKGRTEWRPKNAGIN,3
Cuphea_viscosisssima_(CvB2MT23,MTAASSAFFPVPSADTSSRPGKLGNGPSSFSPLKPKSIPNGGLQVKASASAPPKINGSSVGLKSGGLKTHDDAPSAPPPRTFINQLPDWSMLLAAITTAFLAAEKQWMMLDRKPKRLDMLEDPFGLGRVVQDGLVFRQNFSIRSYEIGADRTASIETVMNHLQETALNHVKTAGLSNDGFGRTPEMYKRDLIWVVAKMQVMVNRYPTWGDTVEVNTWVAKSGKNGMRRDWLISDCNTGEILTRASSVWVMMNQKTRKFSKIPDEVRREIEPHFVDSPPVIEDNDRKLPKFDEKSADSIRKGLTPRWNDLDVNQHVNNAKYIGWILESTPPEVLETQELCSLTLEYRRECGRESVLESLTAVDPSGEGYGSQFQHLLRLEDGGEIVKGRTEWRPKNAGIN,1
Cuphea_viscosisssima_(CvB2MT24,MTAASSAFFPVPSADTSSRPGKLGNGPSSFSPLKPKSIPNGGLQVKASASAPPKINGSSVGLKSGGLKTHDDAPSAPPPRTFINQLPDWSMLLAAITTAFLAAEKQWMMLDRKPKRLDMLEDPFGLGRVVQDGLVFRQNFSIRSYEIGADRTASIETVMNHLQETALNHVKTAGLSNDGFGRTPEMYKRDLIWVVAKMQVMVNRYPTWGDTVEVNTWVAKSGKNGMRRDWLISDCNTGEILTRASSVWVMMNQKTRKLSKLPDEVRREIEPHFVDSPPVIEDNDRKLPKFDEKSADSIRKGLTPRWNDLDVNQHVNNAKYIGWILESTPPEVLETQELCSLTLEYRRECGRESVLESLTAVDPSGEGYGSQFQHLLRLEDGGEIVKGRTEWRPKNAGIN,1
Cuphea_viscosisssima_(CvB2MT25),MTAASSAFFPVPSADTSSRPGKLGNGPSSFSPLKPKSIPNGGLQVKASASAPPKINGSSVGLKSGGLKTHDDAPSAPPPRTFINQLPDWSMLLAAITTAFLAAEKQWMMLDRKPKRLDMLEDPFGLGRVVQDGLVFRQNFSIRSYEIGADRTASIETVMNHLQETALNHVKTAGLSNDGFGRTPEMYKRDLIWVVAKMQVMVNRYPTWGDTVEVNTWFAKSGKIGMRRDWLISDCNTGEILTRASSVWVMMNQKTRKFSKLPDEVRREFEPHFVDSAPVIEDDDRKLPKLDEKSADSIRKGLTPRWNDLDVNQHVNNAKYIGWILESTPPEVLETQELCSLTLEYRRECGRESVLESLTAVDPSGEGYGSQFQHLLRLEDGGEIVKGRTEWRPKNAGIN,3
Cuphea_viscosisssima_(CvB2MT26,MTAASSAFFPVPSADTSSRPGKLGNGPSSFSPLKPKSIPNGGLQVKASASAPPKINGSSVGLKSGGLKTHDDAPSAPPPRTFINQLPDWSMLLAAITTAFLAAEKQWMMLDRKPKRLDMLEDPFGLGRVVQDGLVFRQNFSIRSYEIGADRTASIETVMNHLQETALNHVKTAGLSNDGFGRTPEMYKRDLIWVFAKMQVMVNRYPTWGDTVEVNTWFAKSGKIGMRRDWLISDCNTGEILTRASSVWVMMNQKTRKFSKLPDEVRREIEPHFVDSAPVIEDDDRKLPKLDEKSADSIRKGLTPRWNDLDVNQHVNNAKYIGWILESTPPEVLETQELCSLTLEYRRECGRESVLESLTAVDPSGEGYGSQFQHLLRLEDGGEIVKGRTEWRPKNAGIN,3
Cuphea_viscosisssima_(CvB2MT27,MTAASSAFFPVPSADTSSRPGKLGNGPSSFSPLKPKSIPNGGLQVKASASAPPKINGSSVGLKSGGLKTHDDAPSAPPPRTFINQLPDWSMLLAAITTAFLAAEKQWMMLDRKPKRLDMLEDPFGLGRVVQDGLVFRQNFSIRSYEIGADRTASIETVMNHLQETALNHVKTAGLSNDGFGRTPEMYKRDLIWVVAKMQVMVNRYPTWGDTVEVNTWFAKSGKIGMRRDWLISDCNTGEILTRASSVWVMMNQKTRKLSKIPDEVRREIEPHFVDSPPVIEDNDRKLPKFDEKSADSIRKGLTPRWNDLDVNQHVNNAKYIGWILESTPPEVLETQELCSLTLEYRRECGRESVLESLTAVDPSGEGYGSQFQHLLRLEDGGEIVKGRTEWRPKNAGIN,3
Cuphea_viscosisssima_(CvB2MT28,MTAASSAFFPVPSADTSSRPGKLGNGPSSFSPLKPKSIPNGGLQVKASASAPPKINGSSVGLKSGGLKTHDDAPSAPPPRTFINQLPDWSMLLAAITTAFLAAEKQWMMLDRKPKRLDMLEDPFGLGRVVQDGLVFRQNFSIRSYEIGADRTASIETVMNHLQETALNHVKTAGLSNDGFGRTPEMYKRDLIWVVAKMQVMVNRYPTWGDTVEVNTWVAKSGKIGMRRDWLISDCNTGEILTRASSVWVMMNQKTRKLSKLPDEVRREIEPHFVDSPPVIEDNDRKLPKFDEKSADSIRKGLTPRWNDLDVNQHVNNAKYIGWILESTPPEVLETQELCSLTLEYRRECGRESVLESLTAVDPSGEGYGSQFQHLLRLEDGGEIVKGRTEWRPKNAGIN,2
Cuphea_viscosisssima_(CvB2MT29,MTAASSAFFPVPSADTSSRPGKLGNGPSSFSPLKPKSIPNGGLQVKASASAPPKINGSSVGLKSGGLKTHDDAPSAPPPRTFINQLPDWSMLLAAITTAFLAAEKQWMMLDRKPKRLDMLEDPFGLGRVVQDGLVFRQNFSIRSYEIGADRTASIETVMNHLQETALNHVKTAGLSNDGFGRTPEMYKRDLIWVVAKMQVMVNRYPTWGDTVEVNTWFAKSGKNGMRRDWLISDCNTGEILTRASSVWVMMNQKTRKFSKIPDEVRREIEPHFVDSPPVIEDNDRKLPKFDEKSADSIRKGLTPRWNDLDVNQHVNNAKYIGWILESTPPEVLETQELCSLTLEYRRECGRESVLESLTAVDPSGEGYGSQFQHLLRLEDGGEIVKGRTEWRPKNAGIN,3
Cuphea_viscosisssima_(CvB2MT3,MTAASSAFFPVPSADTSSRPGKLGNGPSSFSP-LKPKSIPNGGLQVKASASAPPKINGSSVGLKSGGLKTHDDAPSAPPPRTFINQLPDWSMLLAAITTAFLAAEKQWMMLDRKPKRLDMLEDPFGLGRVVQDGLVFRQNFSIRSYEIGADRTASIETVMNHLQETALNHVKTAGLSNDGFGRTPEMYKRDLIWVVAKMQVMVNRYPTWGDTVEVNTWVAKSGKIGMRRDWLISDCNTGEILTRASSVWVMMNQKTRKLSKIPDEVRREIEPHFVDSAPVIEDDDRKLPKLDEKSADSIRKGLTPRWNDLDVNQHVNNAKYIGWILESTPPEVLETQELCSLTLEYRRECGRESVLESLTAVDPSGEGYGSQFQHLLRLEDGGEIVKGRTEWRPKNAGI,2
Cuphea_viscosisssima_(CvB2MT30,MTAASSAFFPVPSADTSSRPGKLGNGPSSFSPLKPKSIPNGGLQVKASASAPPKINGSSVGLKSGGLKTHDDAPSAPPPRTFINQLPDWSMLLAAITTAFLAAEKQWMMLDRKPKRLDMLEDPFGLGRVVQDGLVFRQNFSIRSYEIGADRTASIETVMNHLQETALNHVKTAGLSNDGFGRTPEMYKRDLIWVVAKMQVMVNRYPTWGDTVEVNTWFSQSGKIGMASDWLISDCNTGEILTRASSVWVMMNQKTRKLSKIPDEVRREIEPHFVDSAPVIEDDDRKLPKLDEKSADSIRKGLTPRWNDLDVNQHVNNAKYIGWILESTPPEVLETQELCSLTLEYRRECGRESVLESLTAVDPSGEGYGSQFQHLLRLEDGGEIVKGRTEWRPKNAGIN,3
Cuphea_viscosisssima_(CvB2MT31,MTAASSAFFPVPSADTSSRPGKLGNGPSSFSPLKPKSIPNGGLQVKASASAPPKINGSSVGLKSGGLKTHDDAPSAPPPRTFINQLPDWSMLLAAITTAFLAAEKQWMMLDRKPKRLDMLEDPFGLGRVVQDGLVFRQNFSIRSYEIGADRTASIETVMNHLQETALNHVKTAGLSNDGFGRTPEMYKRDLIWVVAKMQVMVNRYPTWGDTVEVNTWFAKSGKIGMRRDWLISDCNTGEILTRASSVWVMMNQKTRKFSKIPDEVRREIEPHFVDSPPVIEDNDRKLPKFDEKSADSIRKGLTPRWNDLDVNQHVNNAKYIGWILESTPPEVLETQELCSLTLEYRRECGRESVLESLTAVDPSGEGYGSQFQHLLRLEDGGEIVKGRTEWRPKNAGIN,3
Cuphea_viscosisssima_(CvB2MT32,MTAASSAFFPVPSADTSSRPGKLGNGPSSFSPLKPKSIPNGGLQVKASASAPPKINGSSVGLKSGGLKTHDDAPSAPPPRTFINQLPDWSMLLAAITTAFLAAEKQWMMLDRKPKRLDMLEDPFGLGRVVQDGLVFRQNFSIRSYEIGADRTASIETVMNHLQETALNHVKTAGLSNDGFGRTPEMYKRDLIWVVAKMQVMVNRYPTWGDTVEVNTWFAKSGKNGMRRDWLISDCNTGEILTRASSVWVMMNQKTRKLSKLPDEVRREIEPHFVDSPPVIEDNDRKLPKFDEKSADSIRKGLTPRWNDLDVNQHVNNAKYIGWILESTPPEVLETQELCSLTLEYRRECGRESVLESLTAVDPSGEGYGSQFQHLLRLEDGGEIVKGRTEWRPKNAGIN,3
Cuphea_viscosisssima_(CvB2MT33),MTAASSAFFPVPSADTSSRPGKLGNGPSSFSPLKPKSIPNGGLQVKASASAPPKINGSSVGLKSGGLKTHDDAPSAPPPRTFINQLPDWSMLLAAITTAFLAAEKQWMMLDRKPKRLDMLEDPFGLGRVVQDGLVFRQNFSIRSYEIGADRTASIETVMNHLQETALNHVKTAGLSNDGFGRTPEMYKRDLIWVVAKMQVMVNRYPTWGDTVEVNTWFAKSGKIGMRRDWLISDCNTGEILTRASSVWVMMNQKTRKFSKLPDEVRREIEPHFVDSPPVIEDNDRKLPKFDEKSADSIRKGLTPRWNDLDVNQHVNNAKYIGWILESTPPEVLETQELCSLTLEYRRECGRESVLESLTAVDPSGEGYGSQFQHLLRLEDGGEIVKGRTEWRPKNAGIN,3
Cuphea_viscosisssima_(CvB2MT34),MTAASSAFFPVPSADTSSRPGKLGNGPSSFSPLKPKSIPNGGLQVKASASAPPKINGSSVGLKSGGLKTHDDAPSAPPPRTFINQLPDWSMLLAAITTAFLAAEKQWMMLDRKPKRLDMLEDPFGLGRVVQDGLVFRQNFSIRSYEIGADRTASIETVMNHLQETALNHVKTAGLSNDGFGRTPEMYKRDLIWVVAKMQVMVNRYPTWGDTVEVNTWFAKSGKIGMRRDWLISDCNTGEILTRASSVWVMMNQKTRKFSKLPDEVRREFEPHFVDSPPVIEDNDRKLPKFDEKSADSIRKGLTPRWNDLDVNQHVNNAKYIGWILESTPPEVLETQELCSLTLEYRRECGRESVLESLTAVDPSGEGYGSQFQHLLRLEDGGEIVKGRTEWRPKNAGIN,3
Cuphea_viscosisssima_(CvB2MT35,MTAASSAFFPVPSADTSSRPGKLGNGPSSFSPLKPKSIPNGGLQVKASASAPPKINGSSVGLKSGGLKTHDDAPSAPPPRTFINQLPDWSMLLAAITTAFLAAEKQWMMLDRKPKRLDMLEDPFGLGRVVQDGLVFRQNFSIRSYEIGADRTASIETVMNHLQETALNHVKTAGLSNDGFGRTPEMYKRDLIWVFAKMQVMVNRYPTWGDTVEVNTWFAKSGKIGMRRDWLISDCNTGEILTRASSVWVMMNQKTRKFSKLPDEVRREIEPHFVDSPPVIEDNDRKLPKFDEKSADSIRKGLTPRWNDLDVNQHVNNAKYIGWILESTPPEVLETQELCSLTLEYRRECGRESVLESLTAVDPSGEGYGSQFQHLLRLEDGGEIVKGRTEWRPKNAGIN,3
Cuphea_viscosisssima_(CvB2MT36,MTAASSAFFPVPSADTSSRPGKLGNGPSSFSPLKPKSIPNGGLQVKASASAPPKINGSSVGLKSGGLKTHDDAPSAPPPRTFINQLPDWSMLLAAITTAFLAAEKQWMMLDRKPKRLDMLEDPFGLGRVVQDGLVFRQNFSIRSYEIGADRTASIETVMNHLQETALNHVKTAGLSNDGFGRTPEMYKRDLIWVFAKMQVMVNRYPTWGDTVEVNTWFAKSGKIGMRRDWLISDCNTGEILTRASSVWVMMNQKTRKFSKLPDEVRREFEPHFVDSPPVIEDNDRKLPKFDEKSADSIRKGLTPRWNDLDVNQHVNNAKYIGWILESTPPEVLETQELCSLTLEYRRECGRESVLESLTAVDPSGEGYGSQFQHLLRLEDGGEIVKGRTEWRPKNAGIN,3
Cuphea_viscosisssima_(CvB2MT37,MTAASSAFFPVPSADTSSRPGKLGNGPSSFSPLKPKSIPNGGLQVKASASAPPKINGSSVGLKSGGLKTHDDAPSAPPPRTFINQLPDWSMLLAAITTAFLAAEKQWMMLDRKPKRLDMLEDPFGLGRVVQDGLVFRQNFSIRSYEIGADRTASIETVMNHLQETALNHVKTAGLSNDGFGRTPEMYKRDLIWVFAKMQVMVNRYPTWGDTVEVNTWFAKSGKIGMASDWLISDCNTGEILTRASSVWVMMNQKTRKFSKLPDEVRREIEPHFVDSPPVIEDNDRKLPKFDEKSADSIRKGLTPRWNDLDVNQHVNNAKYIGWILESTPPEVLETQELCSLTLEYRRECGRESVLESLTAVDPSGEGYGSQFQHLLRLEDGGEIVKGRTEWRPKNAGIN,3
Cuphea_viscosisssima_(CvB2MT38,MTAASSAFFPVPSADTSSRPGKLGNGPSSFSPLKPKSIPNGGLQVKASASAPPKINGSSVGLKSGGLKTHDDAPSAPPPRTFINQLPDWSMLLAAITTAFLAAEKQWMMLDRKPKRLDMLEDPFGLGRVVQDGLVFRQNFSIRSYEIGADRTASIETVMNHLQETALNHVKTAGLSNDGFGRTPEMYKRDLIWVFAKMQVMVNRYPTWGDTVEVNTWFAKSGKIGMASDWLISDCNTGEILTRASSVWVMMNQKTRKFSKLPDEVRREFEPHFVDSPPVIEDNDRKLPKFDEKSADSIRKGLTPRWNDLDVNQHVNNAKYIGWILESTPPEVLETQELCSLTLEYRRECGRESVLESLTAVDPSGEGYGSQFQHLLRLEDGGEIVKGRTEWRPKNAGIN,1
Cuphea_viscosisssima_(CvB2MT4,MTAASSAFFPVPSADTSSRPGKLGNGPSSFSPLKPKSIPNGGLQVKASASAPPKINGSSVGLKSGGLKTHDDAPSAPPPRTFINQLPDWSMLLAAITTAFLAAEKQWMMLDRKPKRLDMLEDPFGLGRVVQDGLVFRQNFSIRSYEIGADRTASIETVMNHLQETALNHVKTAGLSNDGFGRTPEMYKRDLIWVVAKMQVMVNRYPTWGDTVEVNTWVAKSGKNGMRRDWLISDCNTGEILTRASSVWVMMNQKTRKFSKIPDEVRREIEPHFVDSAPVIEDDDRKLPKLDEKSADSIRKGLTPRWNDLDVNQHVNNAKYIGWILESTPPEVLETQELCSLTLEYRRECGRESVLESLTAVDPSGEGYGSQFQHLLRLEDGGEIVKGRTEWRPKNAGIN,1
Cuphea_viscosisssima_(CvB2MT40,MTAASSAFFPVPSADTSSRPGKLGNGPSSFSPLKPKSIPNGGLQVKASASAPPKINGSSVGLKSGGLKTHDDAPSAPPPRTFINQLPDWSMLLAAITTAFLAAEKQWMMLDRKPKRLDMLEDPFGLGRVVQDGLVFRQNFSIRSYEIGADRTASIETVMNHLQETALNHVKTAGLSNDGFGRTPEMYKRDLIWVLAKMQVMVNRYPTWGDTVEVNTWFAKSGKIGMASDWLISDCNTGEILTRASSVWVMMNQKTRKFSKLPDEVRREFEPHFVDSPPVIEDNDRKLPKFDEKSADSIRKGLTPRWNDLDVNQHVNNAKYIGWILESTPPEVLETQELCSLTLEYRRECGRESVLESLTAVDPSGEGYGSQFQHLLRLEDGGEIVKGRTEWRPKNAGIN,3
Cuphea_viscosisssima_(CvB2MT41,MTAASSAFFPVPSADTSSRPGKLGNGPSSFSPLKPKSIPNGGLQVKASASAPPKINGSSVGLKSGGLKTHDDAPSAPPPRTFINQLPDWSMLLAAITTAFLAAEKQWMMLDRKPKRLDMLEDPFGLGRVVQDGLVFRQNFSIRSYEIGADRTASIETVMNHLQETALNHVKTAGLSNDGFGRTPEMYKRDLIWVFAKMQVMVNRYPTWGDTVEVNTWFAKSGKIGMGRDWLISDCNTGEILTRASSVWVMMNQKTRKFSKLPDEVRREFEPHFVDSPPVIEDNDRKLPKFDEKSADSIRKGLTPRWNDLDVNQHVNNAKYIGWILESTPPEVLETQELCSLTLEYRRECGRESVLESLTAVDPSGEGYGSQFQHLLRLEDGGEIVKGRTEWRPKNAGIN,3
Cuphea_viscosisssima_(CvB2MT42,MTAASSAFFPVPSADTSSRPGKLGNGPSSFSPLKPKSIPNGGLQVKASASAPPKINGSSVGLKSGGLKTHDDAPSAPPPRTFINQLPDWSMLLAAITTAFLAAEKQWMMLDRKPKRLDMLEDPFGLGRVVQDGLVFRQNFSIRSYEIGADRTASIETVMNHLQETALNHVKTAGLSNDGFGRTPEMYKRDLIWVVAKMQVMVNRYPTWGDTVEINTWFAKSGKIGMASDWLISDCNTGEILTRASSVWVMMNQKTRKLSKIPDEVRREIEPHFVDSAPVIEDDDRKLPKLDEKSADSIRKGLTPRWNDLDVNQHVNNAKYIGWILESTPPEVLETQELCSLTLEYRRECGRESVLESLTAVDPSGEGYGSQFQHLLRLEDGGEIVKGRTEWRPKNAGIN,3
Cuphea_viscosisssima_(CvB2MT43,MTAASSAFFPVPSADTSSRPGKLGNGPSSFSPLKPKSIPNGGLQVKASASAPPKINGSSVGLKSGGLKTHDDAPSAPPPRTFINQLPDWSMLLAAITTAFLAAEKQWMMLDRKPKRLDMLEDPFGLGRVVQDGLVFRQNFSIRSYEIGADRTASIETVMNHLQETALNHVKTAGLSNDGFGRTPEMYKRDLIWVVAKMQVMVNRYPTWGDTVEVNTWVAKSGKNGMRRDWLISDCNTGEILTRASSVWAMMNQKTRKLSKIPDEVRREIEPHFVDSAPVIEDDDRKLPKLDEKSADSIRKGLTPRWNDLDVNQHVNNAKYIGWILESTPPEVLETQELCSLTLEYRRECGRESVLESLTAVDPSGEGYGSQFQHLLRLEDGGEIVKGRTEWRPKNAGIN,1
Cuphea_viscosisssima_(CvB2MT44,MTAASSAFFPVPSADTSSRPGKLGNGPSSFSPLKPKSIPNGGLQVKASASAPPKINGSSVGLKSGGLKTHDDAPSAPPPRTFINQLPDWSMLLAAITTAFLAAEKQWMMLDRKPKRLDMLEDPFGLGRVVQDGLVFRQNFSIRSYEIGADRTASIETVMNHLQETALNHVKTAGLSNDGFGRTPEMYKRDLIWVVAKMQVMVNRYPTWGDTVEVNTWFAKSGKIGMASDWLISDCNTGEILTRASSVWAMMNQKTRKLSKIPDEVRREIEPHFVDSAPVIEDDDRKLPKLDEKSADSIRKGLTPRWNDLDVNQHVNNAKYIGWILESTPPEVLETQELCSLTLEYRRECGRESVLESLTAVDPSGEGYGSQFQHLLRLEDGGEIVKGRTEWRPKNAGIN,3
Cuphea_viscosisssima_(CvB2MT45,MTAASSAFFPVPSADTSSRPGKLGNGPSSFSPLKPKSIPNGGLQVKASASAPPKINGSSVGLKSGGLKTHDDAPSAPPPRTFINQLPDWSMLLAAITTAFLAAEKQWMMLDRKPKRLDMLEDPFGLGRVVQDGLVFRQNFSIRSYEIGADRTASIETVMNHLQETALNHVKTAGLSNDGFGRTPEMYKRDLIWVVAKMQVMVNRYPTWGDTVEVNTWFAKSGKIGMGRDWLISDCNTGEILTRASSVWVMMNQKTRKLSKIPDEVRREIEPHFVDSAPVIEDDDRKLPKLDEKSADSIRKGLTPRWNDLDVNQHVNNAKYIGWILESTPPEVLETQELCSLTLEYRRECGRESVLESLTAVDPSGEGYGSQFQHLLRLEDGGEIVKGRTEWRPKNAGIN,3
Cuphea_viscosisssima_(CvB2MT47,MTAASSAFFPVPSADTSSRPGKLGNGPSSFSPLKPKSIPNGGLQVKASASAPPKINGSSVGLKSGGLKTHDDAPSAPPPRTFINQLPDWSMLLAAITTAFLAAEKQWMMLDRKPKRLDMLEDPFGLGRVVQDGLVFRQNFSIRSYEIGADRTASIETVMNHLQETALNHVKTAGLSNDGFGRTPEMYKRDLIWVLAKMQVMVNRYPTWGDTVEVNTWFAKSGKIGMGRDWLISDCNTGEILTRASSVWVMMNQKTRKFSKLPDEVRREFEPHFVDSAPVIEDDDRKLPKLDEKSADSIRKGLTPRWNDLDVNQHVNNAKYIGWILESTPPEVLETQELCSLTLEYRRECGRESVLESLTAVDPSGEGYGSQFQHLLRLEDGGEIVKGRTEWRPKNAGIN,3
Cuphea_viscosisssima_(CvB2MT48,MTAASSAFFPVPSADTSSRPGKLGNGPSSFSPLKPKSIPNGGLQVKASASAPPKINGSSVGLKSGGLKTHDDAPSAPPPRTFINQLPDWSMLLAAITTAFLAAEKQWMMLDRKPKRLDMLEDPFGLGRVVQDGLVFRQNFSIRSYEIGADRTASIETVMNHLQETALNHVKTAGLSNDGFGRTPEMYKRDLIWVLAKMQVMVNRYPTWGDTVEVNTWFAKSGKIGMASDWLISDCNTGEILTRASSVWVMMNQKTRKLSKIPDEVRREIEPHFVDSAPVIEDDDRKLPKLDEKSADSIRKGLTPRWNDLDVNQHVNNAKYIGWILESTPPEVLETQELCSLTLEYRRECGRESVLESLTAVDPSGEGYGSQFQHLLRLEDGGEIVKGRTEWRPKNAGIN,3
Cuphea_viscosisssima_(CvB2MT5,MTAASSAFFPVPSADTSSRPGKLGNGPSSFSPLKPKSIPNGGLQVKASASAPPKINGSSVGLKSGGLKTHDDAPSAPPPRTFINQLPDWSMLLAAITTAFLAAEKQWMMLDRKPKRLDMLEDPFGLGRVVQDGLVFRQNFSIRSYEIGADRTASIETVMNHLQETALNHVKTAGLSNDGFGRTPEMYKRDLIWVVAKMQVMVNRYPTWGDTVEVNTWVAKSGKNGMRRDWLISDCNTGEILTRASSVWVMMNQKTRKLSKLPDEVRREIEPHFVDSAPVIEDDDRKLPKLDEKSADSIRKGLTPRWNDLDVNQHVNNAKYIGWILESTPPEVLETQELCSLTLEYRRECGRESVLESLTAVDPSGEGYGSQFQHLLRLEDGGEIVKGRTEWRPKNAGIN,1
Cuphea_viscosisssima_(CvB2MT6),MTAASSAFFPVPSADTSSRPGKLGNGPSSFSPLKPKSIPNGGLQVKASASAPPKINGSSVGLKSGGLKTHDDAPSAPPPRTFINQLPDWSMLLAAITTAFLAAEKQWMMLDRKPKRLDMLEDPFGLGRVVQDGLVFRQNFSIRSYEIGADRTASIETVMNHLQETALNHVKTAGLSNDGFGRTPEMYKRDLIWVVAKMQVMVNRYPTWGDTVEVNTWVAKSGKNGMRRDWLISDCNTGEILTRASSVWVMMNQKTRKLSKIPDEVRREFEPHFVDSAPVIEDDDRKLPKLDEKSADSIRKGLTPRWNDLDVNQHVNNAKYIGWILESTPPEVLETQELCSLTLEYRRECGRESVLESLTAVDPSGEGYGSQFQHLLRLEDGGEIVKGRTEWRPKNAGIN,3
Cuphea_viscosisssima_(CvB2MT7,MTAASSAFFPVPSADTSSRPGKLGNGPSSFSPLKPKSIPNGGLQVKASASAPPKINGSSVGLKSGGLKTHDDAPSAPPPRTFINQLPDWSMLLAAITTAFLAAEKQWMMLDRKPKRLDMLEDPFGLGRVVQDGLVFRQNFSIRSYEIGADRTASIETVMNHLQETALNHVKTAGLSNDGFGRTPEMYKRDLIWVVAKMQVMVNRYPTWGDTVEVNTWVAKSGKNGMRRDWLISDCNTGEILTRASSVWVMMNQKTRKLSKIPDEVRREIEPHFVDSPPVIEDDDRKLPKLDEKSADSIRKGLTPRWNDLDVNQHVNNAKYIGWILESTPPEVLETQELCSLTLEYRRECGRESVLESLTAVDPSGEGYGSQFQHLLRLEDGGEIVKGRTEWRPKNAGIN,1
Cuphea_viscosisssima_(CvB2MT8,MTAASSAFFPVPSADTSSRPGKLGNGPSSFSPLKPKSIPNGGLQVKASASAPPKINGSSVGLKSGGLKTHDDAPSAPPPRTFINQLPDWSMLLAAITTAFLAAEKQWMMLDRKPKRLDMLEDPFGLGRVVQDGLVFRQNFSIRSYEIGADRTASIETVMNHLQETALNHVKTAGLSNDGFGRTPEMYKRDLIWVVAKMQVMVNRYPTWGDTVEVNTWVAKSGKNGMRRDWLISDCNTGEILTRASSVWVMMNQKTRKLSKIPDEVRREIEPHFVDSAPVIEDNDRKLPKLDEKSADSIRKGLTPRWNDLDVNQHVNNAKYIGWILESTPPEVLETQELCSLTLEYRRECGRESVLESLTAVDPSGEGYGSQFQHLLRLEDGGEIVKGRTEWRPKNAGIN,1
Cuphea_viscosisssima_(CvB2MT9,MTAASSAFFPVPSADTSSRPGKLGNGPSSFSPLKPKSIPNGGLQVKASASAPPKINGSSVGLKSGGLKTHDDAPSAPPPRTFINQLPDWSMLLAAITTAFLAAEKQWMMLDRKPKRLDMLEDPFGLGRVVQDGLVFRQNFSIRSYEIGADRTASIETVMNHLQETALNHVKTAGLSNDGFGRTPEMYKRDLIWVVAKMQVMVNRYPTWGDTVEVNTWVAKSGKNGMRRDWLISDCNTGEILTRASSVWVMMNQKTRKLSKIPDEVRREIEPHFVDSAPVIEDDDRKLPKFDEKSADSIRKGLTPRWNDLDVNQHVNNAKYIGWILESTPPEVLETQELCSLTLEYRRECGRESVLESLTAVDPSGEGYGSQFQHLLRLEDGGEIVKGRTEWRPKNAGIN,1
Cuphea_viscosisssima_(CvFatB1,MTAASSAFFPVPSADTSSRPGKLGNGPSSFSPLKPKSIPNGGLQVKASASAPPKINGSSVGLKSGGLKTHDDAPSAPPPRTFINQLPDWSMLLAAITTAFLAAEKQWMMLDRKPKRLDMLEDPFGLGRVVQDGLVFRQNFSIRSYEIGADRTASIETVMNHLQETALNHVKTAGLSNDGFGRTPEMYKRDLIWVLAKMQVMVNRYPTWGDTVEINTWFSQSGKIGMASDWLISDCNTGEILTRASSVWAMMNQKTRKFSKLPDEVRRELEPHFVDSPPVIEDNDRKLPKFDEKSADSIRKGLTPRWNDLDVNQHVNNAKYIGWILESTPPEVLETQELCSLTLEYRRECGRESVLESLTAVDPSGEGYGSQFQHLLRLEDGGEIVKGRTEWRPKNAGIN,3
Cuphea_viscosisssima_(CvFatB2,MTAASSAFFPVPSADTSSRPGKLGNGPSSFSPLKPKSIPNGGLQVKASASAPPKINGSSVGLKSGGLKTHDDAPSAPPPRTFINQLPDWSMLLAAITTAFLAAEKQWMMLDRKPKRLDMLEDPFGLGRVVQDGLVFRQNFSIRSYEIGADRTASIETVMNHLQETALNHVKTAGLSNDGFGRTPEMYKRDLIWVVAKMQVMVNRYPTWGDTVEVNTWVAKSGKNGMRRDWLISDCNTGEILTRASSVWVMMNQKTRKLSKIPDEVRREIEPHFVDSAPVIEDDDRKLPKLDEKSADSIRKGLTPRWNDLDVNQHVNNAKYIGWILESTPPEVLETQELCSLTLEYRRECGRESVLESLTAVDPSGEGYGSQFQHLLRLEDGGEIVKGRTEWRPKNAGIN,2
Diploknema_butyracea,MINQLPDWSMLLAAITTIFLAAEKQWMMLDWKPRRPDMIIDSFGLGKIVQDGLVFRQNFSIRSYEIGADRTASVETMMNHLQETALNHVRAAGLMADGFGATPEMSKRNLIWVVTKMQVLVDRYPKWGDVVQVETWIAAYGKNCMRRDWFVRDCKTGDIITRASSVWVMMNKETRRLSKIPHEVRCEIGSYFVDSPPVLAEDSRKLRKLDESTADYICTGLKPRWSDLDVNQHVNNVKYIGWILETAPQLILESHELCGMTLEYRRECGKDSVLQSMTAVSGGAIGGLVDPGYVECQHLLRLEDGAEIVKARTHWRPKYANCLGSHGQLPAESA,1
Elaeis_guineensis,MVASIVAWAFFPTPSFSPTASAKASKTIGEGSENLNVRGIIAKPTSSSAAKQGKVMAQAVPKINGAKVGLKAESQKAEEDAAPSSAPRTFYNQLPDWSVLLAAVTTIFLAAEKQWTLLDWKPRRPDMLTGAFSLGKIVQDGLVFRQNFSIRSYEIGADRTASIETLMNHLQETALNHVRNAGLLGDGFGATPEMSKRNLIWVVTKMQVLIEHYPSWGDVVEVDTWVGASGKNGMRRDWHVRDYRTGQTILRATSIWVMMDKHTRKLSKMPEEVRAEIGPYFMEHAAIVDEDSRKLPKLDDDTADYIKWGLTPRWSDLDVNQHVNNVKYIGWILESAPISILENHELASMTLEYRRECGRDSVLQSLTAVANDCTGGLPEASIECQHLLQLECGAEIVRGRTQWRPRRASGPTSAGSA,2
Gossypium_hirsutum,MTAVTSAFFPVTSSPDSSDSKNKKLGSIKSKPSVSSGSLQVKANAQAPPKINGTVASTTPVEGSKNDDGASSPPPRTFINQLPDWSMLLAAITTIFLAAEKQWMMLDWKPRRPDMVIDPFGIGKIVQDGLVFSQNFSIRSYEIGADQTASIETLMNHLQETAINHCRSAGLLGEGFGATPEMCKKNLIWVVTRMQVVVDRYPTWGDVVQVDTWVSASGKNGMRRDWLVSNSETGEILTRATSVWVMMNKLTRRLSKIPEEVRGEIEPFFMNSDPVLAEDSQKLVKLDDSTAEHVCKGLTPKWSDLDVNQHVNNVKYIGWILESAPLPILESHELSALTLEYRRECGRDSVLQSLTTVSDSNTENAVNVGEFNCQHLLRLDDGAEIVRGRTRWRPKHAKSSANMDQITAKRA,1
Helianthus_Annuus_(HaFatA1),MLSRGVPTATATAYNDVIKETARSVTNSRSIDSVSIRRRNNGFVSNSLCRRVAPVMAVKVDEQRTGVAVDVTEKRLADRLRMGSLTEDGLSYKERFIIRCYEVGINKTATVETIANLLQEVGGNHAQSVGFSTDGFATTTTMRKLNLIWVTSRMHIEIYRYPAWSDVVEIETWCQGEGRIGTRRDWIIKDHANGEVIGRATSKWVMMNSETRRLQKVNDDIRDEYLIFCPKTLRLAFPEENNNSLKKIAKLEDPAECSTLGLVPRRADLDMNKHVNNVTYIGWVLESIPQEVIDTHELQTITLDYRRECQHDDVVDSLTSSESPAVNGCASGENLSKFLHLLRSSGEGLELNRGRTEWRKKPAKK,1
Helianthus_Annuus_(HaFatB1),MVAMSATASLFPVSSPKPHSGAKTSDKLGGEPGSVAVRGIKTKSVNSGGMKVKANAQAPTEVNGSRSRITHGFKTDDYSTSPAPRTFINQLPDWSMLLAAITTIFLAAEKQWMMLEWKTKRPDMIADMDPFGLGRIVQDGLVFRQNFSIRSYEIGADRTASIETLMNHLQETALNHVKSAGLLGDGFGSTPEMCKKNLFWVVTKMQVIVDRYPTWGDVVQVDTWVAPNGKNGMRRDWLVRDYKTGEILTRASSNWVMMNKETRRLSKIPDEVRGEIEHYFVDAPPVVEDDSRKLSKLDESTADYVRDGLIPRWSDLDVNQHVNNVKYIGWILESAPQVVEKYELARITLEYRRECRKDSVVKSLTSVLGGGDDDNGGIGDSGRVDCQHVLLFAGGGDGTPGGEIVKGRTQWRPKYEKQDGSVDHFSAGNV,1
Iris_germanica_1,MASVAASAFFPVPSSASTTSSSSSTASAKPSSISLGKGPDSLDSRGLIAKSVWLWLRRLASEGQCPESHEGQRVQGRVENRQAKVEDGRSVLPSSSAPRTFYNQLPDWSVLLAAITTIFLAAEKQWTLIDWKRGGPDMLTDAFGLGKIIENGLIYRQNFSIRSYEIGADQTASIETLMNHLQETALNHVRCAGLLGNGFGSTPEMSKRNLIWVVTKMQVLVEHYPSWGDVIEVDTWAGGSGKNGMRRDWHVRDSQTGQTIMRASSNWVMMNKSTRKLSKFPEEVRAEIRPYFMDRVPIIDEDNRKLPKLDDDTADHVRSGLTPKWSDLDVNQHVNNVKYLGWILESAPISMLESHELASFTLEYRRECGRDGVLQSLTAVSADCSAGPAELPIECQHLLRLEGGSELVKGRTEWRPKKHGPFPAGSP,1
Iris_germanica_2,MAASVSASAFFPVPSSSSSSSSSSLTGSAKPSSISLGKGPDSLYVRGLMAKPASSSGSLQVKVNAQAATRVNGSKVGLKTDTNKLEDAPFIPSSAPRTFYNQLPDWSVLLAAITTIFLAAEKQWTLIDWKRGGPDMLSDAFGLPKIIENGLLYRQKFSIRSYEIGADQTASIETLMNHLQETALNHVKCAGLLGNGFGSTPEMSKMNLIWVVTKMQVLVEHYPSWGDVIEVDTWAAASGKNGMRRDWHVRDWQTGQTIMRASSNWVMMNQNTRRLSKFPEEVRAEIEPYFMERAPVIDDDNRKLPKLDDDTADHVRNGLTPRWSDLDVNQHVKNVKYIGWILESAPISILESHELASMTLEYRRECGRDSVLQSLTSVSNNCTDGSEELPIECQHLLRNEGGSEIVKGRTEWRPKKCGPFGAGRP,1
Jatropha_curcas,MVATAATSSFFPVPTSSADSKSTKIGSGSASLGGIKSKPASSGGLQVKANAQAPPKINGSTVGYTTPVDSVKNEGDTPSPPPRTFINQLPDWSMLLAAITTIFLAAEKQWMMLDWKPRRPDMLIDPFGLGRIVQDGLVFRQNFSIRSYEIGADRTASIETLMNHLQETALNHVKTAGLLGEGFGSTPEMSKRNLIWVVTRMQVLVDRYPTWGDVVEVDTWVSASGKNGMRRDWLVRDSKTGETLTRASSVWVMMNKLTRRLSKIPEEVRGEIEPYFLNSDPIVDEDGRKLPKLDDNTADYVCKGLTPRWSDLDVNQHVNNVKYIGWILESAPLPILESHELSSIIMEYRRECGRDSVLQSLTAVSGTGLGNLGNAGEIECQHLLRLEEGAEIVRGRTAWRPKYRSNFGIMGQIPVESA,1
Lindera_communis,MVATAAASAFFPVGAPATSSATSAKASMMPDNLDARGIKPKPASSSGLQVKANAHASPKINGSKVSTDTLKGEDTLTSSPAPRTFINQLPDWSMFLAAITTIFLAAEKQWTNLDWKPRRPDMLADPFGIGRFMQDGLIFRQHFAIRSYEIGADRTASIETLMNHLQETALNHVRSAGLLGDGFGATPEMSRRDLIWVVTRMQVLVDRYPAWGDIVEVETWVGASGKNGMRREWLVRDSQTGEILTRATSVWVMMNKRTRRLSKIPEEVRGEIGPYFMEDVAIVEEDSRKVQKLNENTADSVRRGLTPRWSDLDVNQHVNNVKYIGWILESAPGSILESHELSCMTLEYRRECGKDSVLQSMTAVSGGGSAAGGSPESSVECDHLLQLESGPEVVRGRTEWRPKSAKDSRSILEMPAESS,2
Micromonas_pusilla,MAVPALATAQTATIRVSSRARAPRASAASSSRGASPTTPSSPVTMKASSSARASASSGPCATSKVRPRSRTRLRAIESDTARSAKQHAVDTDLEVPEWHSRSLIEDGRAFTETFPVRFDEVGPNKKTTMRTIASMLQECACNHAQGIWGRSQAMPADMKAQNLGWVCTRLHIVVDEYPAWGDMVEVRTWFDSQGKIAARRDWDMYYCTGDEEPNEQCASVGRATSQWVAFNIAKRKLARIPATVIPQFREQARKTRALKNTPVMGDDYDPDKLPDVREMSGAIAPTTQSVRRNDLDMNGHVNNVVYTEWLLEAVPHYMWNEFELTELVLEFREECGYGDLVDAVSANEKRVRTEFGQENAGVSMAHMLLRKSKGGSGDGAPTEVVRARTVWKARPRSPDLPAPAR,1
Physcomitrella_patens,MSRVVPPILLEKDSAAFRAILAAIAGVALAAENQRRHDKTEVPVDVFRQGRLVESRLVYGQTFVIRSYEIGADRTASIETMMNHFQETALNHVWMSGLAGDGFGATRAMSCNNLIWVVTRMQVHVEQYPAWGNIVEMDTWVAASGKNGMRRDWLVRDYKSGQILARATSIWVMMNRKTRKLSKMPEEVRAEISPYFLERFAIKDEDEMTQKICRLNGSAEYVRSGLTPRRSDLDMNQHVNNVKYIGWMLETVPPAVLDGYELVSMNLEYRRECGQSDVVQSMTTADGGNLQFVHLLRMESDGAEIVRGRTRWRPKKLNHSQLS,1
Prunus_sibirica_L._(Siberian apricot),mvataatssifpipspnqdsgaknaklgtgsaglglksksasgslqvkanaqapskingtsvglatvesgkngddmssppartfinqlpdwsvllaaittiflaaekqwtmldwkpkrpdmlidpfglgrivqdglvfrqnfsirsyeigadrtasietlmnhlqetalnhvktagllgdgfgstpemsvrnliwvvtkmqvvvdryptwgdvvqvdtwvsasgkngmrrdwilqdcktgqiltratsvwvmmnkltrrlskipdevrgeiepffmnsppvveedsrkllklddktadfvrtgltprwgdldinqhvnnvkyigwilesaplpileshelssltleyrrecgrdsvlqsltavsgadignlgsnggvecqhllrleegaeivrgrtewrpkyannlgivgqlpaesa,1
Ricinus_communis,MVATAAAATSSFFPVPSQSADANFDKAPASLGGIKLKSTSCSRGLQVKANAQAPPKINGSSVGFTTSVETVKNDGDMPLPPPPRTFINQLPDWSMLLAAITTIFLAAEKQWMMLDWKPRRPDMLIDPFGIGRIVQDGLIFRQNFSIRSYEIGADRTASIETLMNHLQETALNHVKTAGLLGDGFGSTPEMSKRNLIWVVTRMQVLVDRYPTWGDVVQVDTWVSKSGKNGMRRDWCVRDSRTGETLTRASSVWVMMNKLTRRLSKIPEEVRGEIEPYFLNSDPIVDEDSRKLPKLDDSNADYVRKGLTPRWSDLDINQHVNNVKYIGWILESAPLPILESHELSAITLEYRRECGRDSVLQSLTAVSGNGIGNLGNAGDIECQHLLRLEDGAEIVRGRTEWRPKYSSNFGIMGQIPVESA,1
rTE12,MTAASSAFFPVPSADTSSRPGKLGNGPSSFSPLKPKSIPNGGLQVKASASAPPKINGSSVGLKSGGLKTHDDAPSAPPPRTFINQLPDWSMLLTAITTVFVAAEKQWTMLDRKSKRPDMLVDSVGLKSIVRDGLVSRHSFSIRSYEIGADRTASIETLMNHLQETTINHCKSLGLHNDGFGRTPGMCKNDLIWVLTKMQIMVNRYPTWGDTVEVNTWVAKSGKNGMRRDWLISDCNTGEILTRASSVWVMMNQKTRKLSKIPDEVRREIEPHFVDSAPVIEDDDRKLPKLDEKSADSIRKGLTPRWNDLDVNQHVSNVKYIGWILESMPIEVLETQELCSLTVEYRRECGMDSVLESVTAVDPSENGGRSQYKHLLRLEDGTDIVKSRTEWRPKNAGTNGAISTSTAKTSNGNSVS,3
rTE15,MTAASSAFFPVPSADTSSRPGKLGNGPSSFSPLKPKSIPNGGLQVKASASAPPKINGSSVGLKSGGLKTHDDAPSAPPPRTFINQLPDWSMLLTAITTVFVAAEKQWTMLDRKSKRPDMLVDSVGLKSIVRDGLVSRHSFSIRSYEIGADRTASIETLMNHLQETTINHCKSLGLHNDGFGRTPGMCKNDLIWVLTKMQIMVNRYPTWGDTVEVNTWVAKSGKNGMRRDWLISDCNTGEILTRASSVWVMMNQKTRKLSKIPDEVRREIEPHFVDSAPVIEDDDRKLPKLDEKSADSIRKGLTPRWNDLDVNQHVNNAKYIGWILESTPPEVLETQELCSLTLEYRRECGRESVLESLTAVDPSGEGYGSQFQHLLRLEDGGEIVKGRTEWRPKNAGINGVVPSEESSPGDYS---,3
rTE16,MTAASSAFFPVPSADTSSRPGKLGNGPSSFSPLKPKSIPNGGLQVKASASAPPKINGSSVGLKSGGLKTHDDAPSAPPPRTFINQLPDWSMLLTAITTVFVAAEKQWTMLDRKSKRPDMLVDSVGLKSIVRDGLVSRHSFSIRSYEIGADRTASIETVMNHLQETALNHVKTAGLSNDGFGRTPEMYKRDLIWVVAKMQVMVNRYPTWGDTVEINTWFSQSGKIGMASDWLISDCNTGEILIRATSVWAMMNQKTRRFSRLPYEVRQELTPHFVDSPHVIEDNDQKLRKFDVKTGDSIRKGLTPRWNDLDVNQHVSNVKYIGWILESMPIEVLETQELCSLTVEYRRECGMDSVLESVTAVDPSENGGRSQYKHLLRLEDGTDIVKSRTEWRPKNAGTNGAISTSTAKTSNGNSVS,3
rTE20,MTAASSAFFPVPSADTSSRPGKLGNGPSSFSPLKPKSIPNGGLQVKASASAPPKINGSSVGLKSGGLKTHDDAPSAPPPRTFINQLPDWSMLLTAITTVFVAAEKQWTMLDRKSKRPDMLVDSVGLKSIVRDGLVSRHSFSIRSYEIGADRTASIETVMNHLQETALNHVKTAGLSNDGFGRTPEMYKRDLIWVVAKMQVMVNRYPTWGDTVEINTWFSQSGKIGMASDWLISDCNTGEILIRATSVWAMMNQKTRKLSKIPDEVRREIEPHFVDSAPVIEDDDRKLPKLDEKSADSIRKGLTPRWNDLDVNQHVSNVKYIGWILESMPIEVLETQELCSLTVEYRRECGMDSVLESVTAVDPSENGGRSQYKHLLRLEDGTDIVKSRTEWRPKNAGTNGAISTSTAKTSNGNSVS,3
rTE24,MTAASSAFFPVPSADTSSRPGKLGNGPSSFSPLKPKSIPNGGLQVKASASAPPKINGSSVGLKSGGLKTHDDAPSAPPPRTFINQLPDWSMLLTAITTVFVAAEKQWTMLDRKSKRPDMLVDSVGLKSIVRDGLVSRHSFSIRSYEIGADRTASIETVMNHLQETALNHVKTAGLSNDGFGRTPEMYKRDLIWVVAKMQVMVNRYPTWGDTVEVNTWVAKSGKNGMRRDWLISDCNTGEILTRASSVWVMMNQKTRRFSRLPYEVRQELTPHFVDSPHVIEDNDQKLRKFDVKTGDSIRKGLTPRWNDLDVNQHVSNVKYIGWILESMPIEVLETQELCSLTVEYRRECGMDSVLESVTAVDPSENGGRSQYKHLLRLEDGTDIVKSRTEWRPKNAGTNGAISTSTAKTSNGNSVS,2
rTE28,MTAASSAFFPVPSADTSSRPGKLGNGPSSFSPLKPKSIPNGGLQVKASASAPPKINGSSVGLKSGGLKTHDDAPSAPPPRTFINQLPDWSMLLTAITTVFVAAEKQWTMLDRKSKRPDMLVDSVGLKSIVRDGLVSRHSFSIRSYEIGADRTASIETVMNHLQETALNHVKTAGLSNDGFGRTPEMYKRDLIWVVAKMQVMVNRYPTWGDTVEVNTWVAKSGKNGMRRDWLISDCNTGEILTRASSVWVMMNQKTRKLSKIPDEVRREIEPHFVDSAPVIEDDDRKLPKLDEKSADSIRKGLTPRWNDLDVNQHVSNVKYIGWILESMPIEVLETQELCSLTVEYRRECGMDSVLESVTAVDPSENGGRSQYKHLLRLEDGTDIVKSRTEWRPKNAGTNGAISTSTAKTSNGNSVS,1
rTE3,MTAASSAFFPVPSADTSSRPGKLGNGPSSFSPLKPKSIPNGGLQVKASASAPPKINGSSVGLKSGGLKTHDDAPSAPPPRTFINQLPDWSMLLTAITTVFVAAEKQWTMLDRKSKRPDMLVDSVGLKSIVRDGLVSRHSFSIRSYEIGADRTASIETLMNHLQETTINHCKSLGLHNDGFGRTPGMCKNDLIWVLTKMQIMVNRYPTWGDTVEINTWFSQSGKIGMASDWLISDCNTGEILIRATSVWAMMNQKTRRFSRLPYEVRQELTPHFVDSPHVIEDNDQKLRKFDVKTGDSIRKGLTPRWNDLDVNQHVNNAKYIGWILESTPPEVLETQELCSLTLEYRRECGRESVLESLTAVDPSGEGYGSQFQHLLRLEDGGEIVKGRTEWRPKNAGINGVVPSEESSPGDYS---,3
rTE32,MTAASSAFFPVPSADTSSRPGKLGNGPSSFSPLKPKSIPNGGLQVKASASAPPKINGSSVGLKSGGLKTHDDAPSAPPPRTFINQLPDWSMLLAAITTAFLAAEKQWMMLDRKPKRLDMLEDPFGLGRVVQDGLVFRQNFSIRSYEIGADRTASIETLMNHLQETTINHCKSLGLHNDGFGRTPGMCKNDLIWVLTKMQIMVNRYPTWGDTVEINTWFSQSGKIGMASDWLISDCNTGEILIRATSVWAMMNQKTRRFSRLPYEVRQELTPHFVDSPHVIEDNDQKLRKFDVKTGDSIRKGLTPRWNDLDVNQHVSNVKYIGWILESMPIEVLETQELCSLTVEYRRECGMDSVLESVTAVDPSENGGRSQYKHLLRLEDGTDIVKSRTEWRPKNAGTNGAISTSTAKTSNGNSVS,3
rTE36,MTAASSAFFPVPSADTSSRPGKLGNGPSSFSPLKPKSIPNGGLQVKASASAPPKINGSSVGLKSGGLKTHDDAPSAPPPRTFINQLPDWSMLLAAITTAFLAAEKQWMMLDRKPKRLDMLEDPFGLGRVVQDGLVFRQNFSIRSYEIGADRTASIETLMNHLQETTINHCKSLGLHNDGFGRTPGMCKNDLIWVLTKMQIMVNRYPTWGDTVEINTWFSQSGKIGMASDWLISDCNTGEILIRATSVWAMMNQKTRKLSKIPDEVRREIEPHFVDSAPVIEDDDRKLPKLDEKSADSIRKGLTPRWNDLDVNQHVSNVKYIGWILESMPIEVLETQELCSLTVEYRRECGMDSVLESVTAVDPSENGGRSQYKHLLRLEDGTDIVKSRTEWRPKNAGTNGAISTSTAKTSNGNSVS,3
rTE4,MTAASSAFFPVPSADTSSRPGKLGNGPSSFSPLKPKSIPNGGLQVKASASAPPKINGSSVGLKSGGLKTHDDAPSAPPPRTFINQLPDWSMLLTAITTVFVAAEKQWTMLDRKSKRPDMLVDSVGLKSIVRDGLVSRHSFSIRSYEIGADRTASIETLMNHLQETTINHCKSLGLHNDGFGRTPGMCKNDLIWVLTKMQIMVNRYPTWGDTVEINTWFSQSGKIGMASDWLISDCNTGEILIRATSVWAMMNQKTRKLSKIPDEVRREIEPHFVDSAPVIEDDDRKLPKLDEKSADSIRKGLTPRWNDLDVNQHVSNVKYIGWILESMPIEVLETQELCSLTVEYRRECGMDSVLESVTAVDPSENGGRSQYKHLLRLEDGTDIVKSRTEWRPKNAGTNGAISTSTAKTSNGNSVS,3
rTE40,MTAASSAFFPVPSADTSSRPGKLGNGPSSFSPLKPKSIPNGGLQVKASASAPPKINGSSVGLKSGGLKTHDDAPSAPPPRTFINQLPDWSMLLAAITTAFLAAEKQWMMLDRKPKRLDMLEDPFGLGRVVQDGLVFRQNFSIRSYEIGADRTASIETLMNHLQETTINHCKSLGLHNDGFGRTPGMCKNDLIWVLTKMQIMVNRYPTWGDTVEVNTWVAKSGKNGMRRDWLISDCNTGEILTRASSVWVMMNQKTRRFSRLPYEVRQELTPHFVDSPHVIEDNDQKLRKFDVKTGDSIRKGLTPRWNDLDVNQHVSNVKYIGWILESMPIEVLETQELCSLTVEYRRECGMDSVLESVTAVDPSENGGRSQYKHLLRLEDGTDIVKSRTEWRPKNAGTNGAISTSTAKTSNGNSVS,2
rTE44,MTAASSAFFPVPSADTSSRPGKLGNGPSSFSPLKPKSIPNGGLQVKASASAPPKINGSSVGLKSGGLKTHDDAPSAPPPRTFINQLPDWSMLLAAITTAFLAAEKQWMMLDRKPKRLDMLEDPFGLGRVVQDGLVFRQNFSIRSYEIGADRTASIETLMNHLQETTINHCKSLGLHNDGFGRTPGMCKNDLIWVLTKMQIMVNRYPTWGDTVEVNTWVAKSGKNGMRRDWLISDCNTGEILTRASSVWVMMNQKTRKLSKIPDEVRREIEPHFVDSAPVIEDDDRKLPKLDEKSADSIRKGLTPRWNDLDVNQHVSNVKYIGWILESMPIEVLETQELCSLTVEYRRECGMDSVLESVTAVDPSENGGRSQYKHLLRLEDGTDIVKSRTEWRPKNAGTNGAISTSTAKTSNGNSVS,2
rTE48,MTAASSAFFPVPSADTSSRPGKLGNGPSSFSPLKPKSIPNGGLQVKASASAPPKINGSSVGLKSGGLKTHDDAPSAPPPRTFINQLPDWSMLLAAITTAFLAAEKQWMMLDRKPKRLDMLEDPFGLGRVVQDGLVFRQNFSIRSYEIGADRTASIETVMNHLQETALNHVKTAGLSNDGFGRTPEMYKRDLIWVVAKMQVMVNRYPTWGDTVEINTWFSQSGKIGMASDWLISDCNTGEILIRATSVWAMMNQKTRRFSRLPYEVRQELTPHFVDSPHVIEDNDQKLRKFDVKTGDSIRKGLTPRWNDLDVNQHVSNVKYIGWILESMPIEVLETQELCSLTVEYRRECGMDSVLESVTAVDPSENGGRSQYKHLLRLEDGTDIVKSRTEWRPKNAGTNGAISTSTAKTSNGNSVS,3
rTE51,MTAASSAFFPVPSADTSSRPGKLGNGPSSFSPLKPKSIPNGGLQVKASASAPPKINGSSVGLKSGGLKTHDDAPSAPPPRTFINQLPDWSMLLAAITTAFLAAEKQWMMLDRKPKRLDMLEDPFGLGRVVQDGLVFRQNFSIRSYEIGADRTASIETVMNHLQETALNHVKTAGLSNDGFGRTPEMYKRDLIWVVAKMQVMVNRYPTWGDTVEINTWFSQSGKIGMASDWLISDCNTGEILIRATSVWAMMNQKTRRFSRLPYEVRQELTPHFVDSPHVIEDNDQKLRKFDVKTGDSIRKGLTPRWNDLDVNQHVNNAKYIGWILESTPPEVLETQELCSLTLEYRRECGRESVLESLTAVDPSGEGYGSQFQHLLRLEDGGEIVKGRTEWRPKNAGINGVVPSEESSPGDYS,3
rTE52,MTAASSAFFPVPSADTSSRPGKLGNGPSSFSPLKPKSIPNGGLQVKASASAPPKINGSSVGLKSGGLKTHDDAPSAPPPRTFINQLPDWSMLLAAITTAFLAAEKQWMMLDRKPKRLDMLEDPFGLGRVVQDGLVFRQNFSIRSYEIGADRTASIETVMNHLQETALNHVKTAGLSNDGFGRTPEMYKRDLIWVVAKMQVMVNRYPTWGDTVEINTWFSQSGKIGMASDWLISDCNTGEILIRATSVWAMMNQKTRKLSKIPDEVRREIEPHFVDSAPVIEDDDRKLPKLDEKSADSIRKGLTPRWNDLDVNQHVSNVKYIGWILESMPIEVLETQELCSLTVEYRRECGMDSVLESVTAVDPSENGGRSQYKHLLRLEDGTDIVKSRTEWRPKNAGTNGAISTSTAKTSNGNSVS,3
rTE56,MTAASSAFFPVPSADTSSRPGKLGNGPSSFSPLKPKSIPNGGLQVKASASAPPKINGSSVGLKSGGLKTHDDAPSAPPPRTFINQLPDWSMLLAAITTAFLAAEKQWMMLDRKPKRLDMLEDPFGLGRVVQDGLVFRQNFSIRSYEIGADRTASIETVMNHLQETALNHVKTAGLSNDGFGRTPEMYKRDLIWVVAKMQVMVNRYPTWGDTVEVNTWVAKSGKNGMRRDWLISDCNTGEILTRASSVWVMMNQKTRRFSRLPYEVRQELTPHFVDSPHVIEDNDQKLRKFDVKTGDSIRKGLTPRWNDLDVNQHVSNVKYIGWILESMPIEVLETQELCSLTVEYRRECGMDSVLESVTAVDPSENGGRSQYKHLLRLEDGTDIVKSRTEWRPKNAGTNGAISTSTAKTSNGNSVS,2
rTE60,MTAASSAFFPVPSADTSSRPGKLGNGPSSFSPLKPKSIPNGGLQVKASASAPPKINGSSVGLKSGGLKTHDDAPSAPPPRTFINQLPDWSMLLAAITTAFLAAEKQWMMLDRKPKRLDMLEDPFGLGRVVQDGLVFRQNFSIRSYEIGADRTASIETVMNHLQETALNHVKTAGLSNDGFGRTPEMYKRDLIWVVAKMQVMVNRYPTWGDTVEVNTWVAKSGKNGMRRDWLISDCNTGEILTRASSVWVMMNQKTRKLSKIPDEVRREIEPHFVDSAPVIEDDDRKLPKLDEKSADSIRKGLTPRWNDLDVNQHVSNVKYIGWILESMPIEVLETQELCSLTVEYRRECGMDSVLESVTAVDPSENGGRSQYKHLLRLEDGTDIVKSRTEWRPKNAGTNGAISTSTAKTSNGNSVS,1
rTE8,MTAASSAFFPVPSADTSSRPGKLGNGPSSFSPLKPKSIPNGGLQVKASASAPPKINGSSVGLKSGGLKTHDDAPSAPPPRTFINQLPDWSMLLTAITTVFVAAEKQWTMLDRKSKRPDMLVDSVGLKSIVRDGLVSRHSFSIRSYEIGADRTASIETLMNHLQETTINHCKSLGLHNDGFGRTPGMCKNDLIWVLTKMQIMVNRYPTWGDTVEVNTWVAKSGKNGMRRDWLISDCNTGEILTRASSVWVMMNQKTRRFSRLPYEVRQELTPHFVDSPHVIEDNDQKLRKFDVKTGDSIRKGLTPRWNDLDVNQHVSNVKYIGWILESMPIEVLETQELCSLTVEYRRECGMDSVLESVTAVDPSENGGRSQYKHLLRLEDGTDIVKSRTEWRPKNAGTNGAISTSTAKTSNGNSVS,3
Sorghum_bicolor_1,MAGSLAASAFFPGPGASPAASAKTSKNLAGELPDNLSVRGIVAKPNAPSGNMQVKAQAQALPKVNGTKVNLKSASTDKEEAIPYTAPKTFYNQLPDWSMLLAAVTTIFLAAEKQWTLLDWKPKKPDMLVDTFGFGRIIQDGLVFRQNFLIRSYEIGADRTASIETLMNHLQETALNHVKTAGLLGDGFGATPEMSKRNLIWVVSKIQLLVEQYPSWGDMVQVDTWVAAAGKNGMRRDWHVRDYNSGRTILRATSVWVMMNKNTRRLSKMPDEVRAEIGPYFNGRSAITDEQSEKLAKPGSTSDGDTMKQFIRKGLTPRWGDLDVNQHVNNVKYIGWILESAPISILEKHELASMTLDYRKECGRDSVLQSLTTVAGECVDGHADSTIQCDHLLQLESGADIVKAHTEWRPKRAHGGEGNMGFFPAESA,1
Sorghum_bicolor_2,MAASIAASSFVPGSPAPAPAAPKSGLGERPESLDVRGVAAKPGASSNAVRAGKTRAHAAVPKVNGGGKSAVADGEHDTVPSSVPKTFYNQLPDWSMLLAAITTIFLAAEKQWTMLDWKPRRPDMLTDTFGFGRIIHDGLMFRQNFSIRSYEIGADRTASIETLMNHLQETALNHVKTAGLLGDGFGSTPEMSKRNLFWVVSQMQAIVERYPCWGDTVEVDTWVSANGKNGMRRDWHIRDSITGHTILKATSKWVMMNKLTRKLARIPDEVRTEIEPYFFERSAIVDEDNRKLPKLPDGQSTSAAKYVRTGLTPRWADLDINQHVNNVKYIAWILESAPISILENHELASIVLDYKRECGRDSVLQSHTSVQTDCNSESGETTLHCEHVLSLESGPTMVKARTMWRPKRTKAQETVVPSSF,1
Sorghum_bicolor_4,MAWTVSCSRVFVVRCSASSSGGAGGGGGGGHGQQHRSGANAVRVNGAVHRAPLQVGAALETSINRSLAELSAPVLPLLPATGGDGDVGGGEERSRQNIPTEKQMVDPFRQALIVEGGVRYQQTLVVRSYEVGPDKTATLETVLNLLQETALNHVWMSGLLGDGFGATHGMIRNNLIWVVSRMHVQVDQYPICTWVMMNKVTRRLSKMPEEVRGEIAPWFIDRHAIQEEAAEKIIKLDSNAMYIHSDLKTLPDHFLQQNQLRSITLEYRKECGSSDVVQSICQPDDDSIPPQENVTMAIGPSLSPEIISGHHSLAGALQQSPMKYTHLLQLKAGDKYEEIVRGRTTWKKKTYNAP,1
"UcFatB1(197M, M199H)",MATTSLASAFCSMKAVMLARDGRGMKPRSSDLQLRAGNAPLKMINGTKFSYTESLKRLPDWSMLFAVITTIFSAAEKQWTNLEWKPKLPQLLDDHFGLHGLVFRRTFAIRSYEVGPDRSTSILAVMNHMQEATLNHAKSVGILGDGFGTTLEMSKRDLMWVVRRTHVAVERYPTWGDTVEVECWIGASGNNGRRHDFLVRDCKTGEILTRCTSLSVLMNTRTRRLSTIPDEVRGEIGPAFIDNVAVKDDEIKKLQKLNDSTADYIQGGLTPRWNDLDVNQHVNNLKYVAWVFETVPDSIFESHHISSFTLEYRRECTRDSVLRSLTTVSGGSSEAGLVCDHLLQLEGGSEVLRARTEWRPKLTDSFRGISVIPAEPRV,2
"UcFatB1(R197M, M199H, T231K)",MATTSLASAFCSMKAVMLARDGRGMKPRSSDLQLRAGNAPLKMINGTKFSYTESLKRLPDWSMLFAVITTIFSAAEKQWTNLEWKPKLPQLLDDHFGLHGLVFRRTFAIRSYEVGPDRSTSILAVMNHMQEATLNHAKSVGILGDGFGTTLEMSKRDLMWVVRRTHVAVERYPTWGDTVEVECWIGASGNNGRRHDFLVRDCKTGEILTRCTSLSVLMNTRTRRLSKIPDEVRGEIGPAFIDNVAVKDDEIKKLQKLNDSTADYIQGGLTPRWNDLDVNQHVNNLKYVAWVFETVPDSIFESHHISSFTLEYRRECTRDSVLRSLTTVSGGSSEAGLVCDHLLQLEGGSEVLRARTEWRPKLTDSFRGISVIPAEPRV,1
UcFatB1(T231K),MATTSLASAFCSMKAVMLARDGRGMKPRSSDLQLRAGNAPLKMINGTKFSYTESLKRLPDWSMLFAVITTIFSAAEKQWTNLEWKPKLPQLLDDHFGLHGLVFRRTFAIRSYEVGPDRSTSILAVMNHMQEATLNHAKSVGILGDGFGTTLEMSKRDLMWVVRRTHVAVERYPTWGDTVEVECWIGASGNNGMRRDFLVRDCKTGEILTRCTSLSVLMNTRTRRLSKIPDEVRGEIGPAFIDNVAVKDDEIKKLQKLNDSTADYIQGGLTPRWNDLDVNQHVNNLKYVAWVFETVPDSIFESHHISSFTLEYRRECTRDSVLRSLTTVSGGSSEAGLVCDHLLQLEGGSEVLRARTEWRPKLTDSFRGISVIPAEPRV,3
Ulmus_americana,MGSGALQVKASSQAPPKLNGSNVGLVKSSQIVKKGDDTTSPPARTFINQLPDWSMLLAAITTLFLAAEKQWMMLDWKPKRPDMLVDPFGLGRFVQDGLVFRNNFSIRSYEIGADRTASIETLMNHLQETALNHVKSVGLLEDGLGSTREMSLRNLIWVVTKMQVAVDRYPTWGDEVQVSSWATAIGKNGMRREWIVTDFRTGETLLRATSVWVMMNKLTRRISKIPEEVWHEIGPSFIDAPPLPTVEDDGRKLTRFDESSADFIRXGLTPRWSDLDINQHVNNVKYIGWLLESAPPEIHESHEIASLTLEYRRECGRDSVLNSATKVSDSSQLGKSAVECNHLVRLQNGGEIVKGRTVWRPKRPLYNDGAVVDVXAKTS,3
Umbellularia_californica_(UcFatB1),MATTSLASAFCSMKAVMLARDGRGMKPRSSDLQLRAGNAPTSLKMINGTKFSYTESLKRLPDWSMLFAVITTIFSAAEKQWTNLEWKPKPKLPQLLDDHFGLHGLVFRRTFAIRSYEVGPDRSTSILAVMNHMQEATLNHAKSVGILGDGFGTTLEMSKRDLMWVVRRTHVAVERYPTWGDTVEVECWIGASGNNGMRRDFLVRDCKTGEILTRCTSLSVLMNTRTRRLSTIPDEVRGEIGPAFIDNVAVKDDEIKKLQKLNDSTADYIQGGLTPRWNDLDVNQHVNNLKYVAWVFETVPDSIFESHHISSFTLEYRRECTRDSVLRSLTTVSGGSSEAGLVCDHLLQLEGGSEVLRARTEWRPKLTDSFRGISVIPAEPRV,3
Umbellularia_californica_(UcFatB2),MVTTSLASAFFSMKAVMLAPDGSGIKPRSSGLQVRAGKEQNSCKMINGTKVKDTEGLKGRSTLHGWSMPLELITTIFSAAEKQWTNLVSKPPQLLDDHLGLHGLVFRRTFAIRCSEVGPDRSTSIVAVMNYLQEAACNHAESLGLLGDGFGETLEMSRRDLIWVVRRTHVVVERYPAWGDTVEVEAWIGAAGNIGMRRHFLVRDCKTGHILARCTSVSVMMNMRTRRLSKIPQEVRGEIDPLFIEKFAVKEGEIKKLQKFNDSTADYIQGGWTPRWNDLDVNQHVNNIKYVGWIFKSVPDSIYENHHLSSITLEYRRECTRGRALQSLTTVCGGSSEAGIICEHLLQLEDGSEVLRGRTDWRPKRTDSFEGISERFPQQEPHN,3
